by_month_incident_date,incident_category,analysis_neighborhood,count,point
2020-07-01T00:00:00.000,Fraud,Pacific Heights,1,POINT (-122.4263352572985 37.79351719313393)
2020-07-01T00:00:00.000,Fraud,Pacific Heights,1,POINT (-122.42505730568799 37.79552657695645)
2020-07-01T00:00:00.000,Fraud,Pacific Heights,1,POINT (-122.42926788330078 37.79133987426758)
2020-07-01T00:00:00.000,Fraud,Pacific Heights,1,POINT (-122.42890167236328 37.78953552246094)
2020-07-01T00:00:00.000,Fraud,Pacific Heights,1,POINT (-122.44229888916016 37.788780212402344)
2020-07-01T00:00:00.000,Fraud,Portola,1,POINT (-122.41373296525057 37.73131448359516)
2020-07-01T00:00:00.000,Fraud,Portola,1,POINT (-122.40657806396484 37.732139587402344)
2020-07-01T00:00:00.000,Fraud,Portola,1,POINT (-122.40850830078125 37.73155212402344)
2020-07-01T00:00:00.000,Fraud,Portola,1,POINT (-122.41407204924414 37.726516597630564)
2020-07-01T00:00:00.000,Fraud,Portola,1,POINT (-122.40206096816357 37.7239199937262)
2020-07-01T00:00:00.000,Fraud,Potrero Hill,1,POINT (-122.40146789061444 37.753293597761186)
2020-07-01T00:00:00.000,Fraud,Potrero Hill,1,POINT (-122.39594290157365 37.7549319706097)
2020-07-01T00:00:00.000,Fraud,Potrero Hill,2,POINT (-122.39410400390625 37.757591247558594)
2020-07-01T00:00:00.000,Fraud,Potrero Hill,3,POINT (-122.39288330078125 37.755096435546875)
2020-07-01T00:00:00.000,Fraud,Potrero Hill,1,POINT (-122.3880011217841 37.75538988423265)
2020-07-01T00:00:00.000,Fraud,Potrero Hill,1,POINT (-122.39515115482789 37.75835219956658)
2020-07-01T00:00:00.000,Fraud,Potrero Hill,1,POINT (-122.39858041765093 37.76373572668911)
2020-07-01T00:00:00.000,Fraud,Presidio Heights,1,POINT (-122.44883728027344 37.788856506347656)
2020-07-01T00:00:00.000,Fraud,Russian Hill,1,POINT (-122.42122998219767 37.7932578668955)
2020-07-01T00:00:00.000,Fraud,Russian Hill,1,POINT (-122.41811228823927 37.79456736045859)
2020-07-01T00:00:00.000,Fraud,Russian Hill,1,POINT (-122.41911590954956 37.79536008471401)
2020-07-01T00:00:00.000,Fraud,Russian Hill,1,POINT (-122.4232749629552 37.80341263868431)
2020-07-01T00:00:00.000,Fraud,Russian Hill,1,POINT (-122.42308780639962 37.802489735410575)
2020-07-01T00:00:00.000,Fraud,Russian Hill,1,POINT (-122.4241705655949 37.7994845314223)
2020-07-01T00:00:00.000,Fraud,Russian Hill,1,POINT (-122.42398214567397 37.79855245267023)
2020-07-01T00:00:00.000,Fraud,Seacliff,2,POINT (-122.48514556884766 37.78574752807617)
2020-07-01T00:00:00.000,Fraud,South of Market,1,POINT (-122.40363311767578 37.77516174316406)
2020-07-01T00:00:00.000,Fraud,South of Market,1,POINT (-122.40363551943442 37.7751608100771)
2020-07-01T00:00:00.000,Fraud,South of Market,1,POINT (-122.4042136895206 37.77470378868268)
2020-07-01T00:00:00.000,Fraud,South of Market,2,POINT (-122.40528580238285 37.77385630397913)
2020-07-01T00:00:00.000,Fraud,South of Market,1,POINT (-122.40206909179688 37.77970504760742)
2020-07-01T00:00:00.000,Fraud,South of Market,1,POINT (-122.40928340438033 37.77965775127483)
2020-07-01T00:00:00.000,Fraud,South of Market,1,POINT (-122.40938700711665 37.777977086075)
2020-07-01T00:00:00.000,Fraud,South of Market,1,POINT (-122.4169158536446 37.77607577268114)
2020-07-01T00:00:00.000,Fraud,South of Market,2,POINT (-122.40729368158074 37.777179297336886)
2020-07-01T00:00:00.000,Fraud,South of Market,3,POINT (-122.40851633190513 37.77375969975922)
2020-07-01T00:00:00.000,Fraud,South of Market,1,POINT (-122.41222500728585 37.77328477975284)
2020-07-01T00:00:00.000,Fraud,South of Market,1,POINT (-122.40895080566406 37.783287048339844)
2020-07-01T00:00:00.000,Fraud,South of Market,1,POINT (-122.4074828136046 37.783528916178064)
2020-07-01T00:00:00.000,Fraud,South of Market,7,POINT (-122.4096908569336 37.78175354003906)
2020-07-01T00:00:00.000,Fraud,South of Market,3,POINT (-122.40924544400873 37.781398133437946)
2020-07-01T00:00:00.000,Fraud,South of Market,1,POINT (-122.40725467595034 37.78211941829001)
2020-07-01T00:00:00.000,Fraud,South of Market,2,POINT (-122.40284729003906 37.78154754638672)
2020-07-01T00:00:00.000,Fraud,South of Market,2,POINT (-122.39834110837147 37.78179876714438)
2020-07-01T00:00:00.000,Fraud,Sunset/Parkside,1,POINT (-122.5008544921875 37.74942398071289)
2020-07-01T00:00:00.000,Fraud,Sunset/Parkside,2,POINT (-122.50435919878032 37.73805086563403)
2020-07-01T00:00:00.000,Fraud,Sunset/Parkside,1,POINT (-122.48795293419934 37.73097337374167)
2020-07-01T00:00:00.000,Fraud,Sunset/Parkside,1,POINT (-122.49044036865234 37.73405075073242)
2020-07-01T00:00:00.000,Fraud,Sunset/Parkside,1,POINT (-122.49552917480469 37.73470687866211)
2020-07-01T00:00:00.000,Fraud,Sunset/Parkside,1,POINT (-122.4811782836914 37.74468231201172)
2020-07-01T00:00:00.000,Fraud,Sunset/Parkside,2,POINT (-122.47577324266182 37.74491871782322)
2020-07-01T00:00:00.000,Fraud,Sunset/Parkside,1,POINT (-122.4909518602168 37.7461175194348)
2020-07-01T00:00:00.000,Fraud,Sunset/Parkside,2,POINT (-122.48533546457315 37.74262597177128)
2020-07-01T00:00:00.000,Fraud,Sunset/Parkside,1,POINT (-122.48640441894531 37.74258041381836)
2020-07-01T00:00:00.000,Fraud,Sunset/Parkside,1,POINT (-122.49965413917143 37.74760467752039)
2020-07-01T00:00:00.000,Fraud,Sunset/Parkside,1,POINT (-122.49816131591797 37.757022857666016)
2020-07-01T00:00:00.000,Fraud,Sunset/Parkside,1,POINT (-122.48517627075685 37.75572983557633)
2020-07-01T00:00:00.000,Fraud,Sunset/Parkside,1,POINT (-122.47861569667056 37.75414576576522)
2020-07-01T00:00:00.000,Fraud,Sunset/Parkside,1,POINT (-122.4834213256836 37.761417388916016)
2020-07-01T00:00:00.000,Fraud,Sunset/Parkside,1,POINT (-122.47900390625 37.75973892211914)
2020-07-01T00:00:00.000,Fraud,Sunset/Parkside,1,POINT (-122.4799450680058 37.75782547865755)
2020-07-01T00:00:00.000,Fraud,Sunset/Parkside,1,POINT (-122.47994232177734 37.7578239440918)
2020-07-01T00:00:00.000,Fraud,Sunset/Parkside,1,POINT (-122.48248253352365 37.76332580604948)
2020-07-01T00:00:00.000,Fraud,Sunset/Parkside,1,POINT (-122.4930648803711 37.76099395751953)
2020-07-01T00:00:00.000,Fraud,Sunset/Parkside,1,POINT (-122.50244903564453 37.7568359375)
2020-07-01T00:00:00.000,Fraud,Sunset/Parkside,1,POINT (-122.50313568115234 37.751190185546875)
2020-07-01T00:00:00.000,Fraud,Sunset/Parkside,1,POINT (-122.5031330037878 37.75119035678622)
2020-07-01T00:00:00.000,Fraud,Tenderloin,2,POINT (-122.41169993118794 37.78117721773047)
2020-07-01T00:00:00.000,Fraud,Tenderloin,1,POINT (-122.41367636179726 37.780926854425914)
2020-07-01T00:00:00.000,Fraud,Tenderloin,1,POINT (-122.41314697265625 37.7809944152832)
2020-07-01T00:00:00.000,Fraud,Tenderloin,1,POINT (-122.42025546027398 37.780576217006235)
2020-07-01T00:00:00.000,Fraud,Tenderloin,1,POINT (-122.40803623744476 37.78640961281089)
2020-07-01T00:00:00.000,Fraud,Tenderloin,1,POINT (-122.41214750780264 37.78589292711297)
2020-07-01T00:00:00.000,Fraud,Tenderloin,1,POINT (-122.41827392578125 37.78703689575195)
2020-07-01T00:00:00.000,Fraud,Tenderloin,1,POINT (-122.41790141130261 37.785167213738916)
2020-07-01T00:00:00.000,Fraud,Tenderloin,1,POINT (-122.41644912401847 37.78631021732119)
2020-07-01T00:00:00.000,Fraud,Tenderloin,1,POINT (-122.4146172088293 37.785582473554015)
2020-07-01T00:00:00.000,Fraud,Tenderloin,1,POINT (-122.41443019938555 37.78465714011983)
2020-07-01T00:00:00.000,Fraud,Tenderloin,1,POINT (-122.41424157409635 37.78372378203807)
2020-07-01T00:00:00.000,Fraud,Tenderloin,1,POINT (-122.41588592529297 37.78351593017578)
2020-07-01T00:00:00.000,Fraud,Tenderloin,1,POINT (-122.41752877437465 37.78331088878137)
2020-07-01T00:00:00.000,Fraud,Tenderloin,2,POINT (-122.41550518013352 37.7816542606277)
2020-07-01T00:00:00.000,Fraud,Tenderloin,3,POINT (-122.41222073683006 37.78207306684549)
2020-07-01T00:00:00.000,Fraud,Tenderloin,1,POINT (-122.41405487060547 37.78279495239258)
2020-07-01T00:00:00.000,Fraud,Tenderloin,1,POINT (-122.41259765625 37.783931732177734)
2020-07-01T00:00:00.000,Fraud,Tenderloin,1,POINT (-122.41259527758581 37.7839325760642)
2020-07-01T00:00:00.000,Fraud,Tenderloin,1,POINT (-122.41094970703125 37.784141540527344)
2020-07-01T00:00:00.000,Fraud,Treasure Island,1,POINT (-122.37559957884481 37.82966229571011)
2020-07-01T00:00:00.000,Fraud,Twin Peaks,1,POINT (-122.4521255493164 37.749351501464844)
2020-07-01T00:00:00.000,Fraud,Visitacion Valley,2,POINT (-122.40306854248047 37.71846389770508)
2020-07-01T00:00:00.000,Fraud,Visitacion Valley,2,POINT (-122.40307089569524 37.718464646200474)
2020-07-01T00:00:00.000,Fraud,Visitacion Valley,2,POINT (-122.41876599574823 37.71193343102876)
2020-07-01T00:00:00.000,Fraud,Visitacion Valley,1,POINT (-122.40653228759766 37.712284088134766)
2020-07-01T00:00:00.000,Fraud,Visitacion Valley,1,POINT (-122.41196819816332 37.709210351433505)
2020-07-01T00:00:00.000,Fraud,Visitacion Valley,1,POINT (-122.42092895507812 37.70854949951172)
2020-07-01T00:00:00.000,Fraud,Visitacion Valley,1,POINT (-122.4209265086304 37.70854867224069)
2020-07-01T00:00:00.000,Fraud,Visitacion Valley,1,POINT (-122.41765694410063 37.709471428684765)
2020-07-01T00:00:00.000,Fraud,Western Addition,1,POINT (-122.42189025878906 37.77989196777344)
2020-07-01T00:00:00.000,Fraud,Western Addition,2,POINT (-122.43650817871094 37.777069091796875)
2020-07-01T00:00:00.000,Fraud,Western Addition,1,POINT (-122.43650723358049 37.77706807960932)
2020-07-01T00:00:00.000,Fraud,Western Addition,1,POINT (-122.42208679403626 37.780821047158554)
2020-07-01T00:00:00.000,Fraud,Western Addition,1,POINT (-122.42984771728516 37.77791976928711)
2020-07-01T00:00:00.000,Fraud,Western Addition,1,POINT (-122.42739868164062 37.78205871582031)
2020-07-01T00:00:00.000,Fraud,Western Addition,3,POINT (-122.42642974853516 37.78506088256836)
2020-07-01T00:00:00.000,Fraud,Western Addition,1,POINT (-122.42643012778156 37.78506173708372)
2020-07-01T00:00:00.000,Fraud,Western Addition,1,POINT (-122.42321014404297 37.78640365600586)
2020-07-01T00:00:00.000,Fraud,Western Addition,1,POINT (-122.42330825256187 37.7868683661603)
2020-07-01T00:00:00.000,Fraud,Western Addition,1,POINT (-122.4250469538071 37.78713043316287)
2020-07-01T00:00:00.000,Fraud,Western Addition,1,POINT (-122.43911743164062 37.78152084350586)
2020-07-01T00:00:00.000,Fraud,West of Twin Peaks,1,POINT (-122.45286560058594 37.74299621582031)
2020-07-01T00:00:00.000,Fraud,West of Twin Peaks,1,POINT (-122.45226885712407 37.745173811149314)
2020-07-01T00:00:00.000,Fraud,West of Twin Peaks,1,POINT (-122.46582902531254 37.740891974182375)
2020-07-01T00:00:00.000,Fraud,West of Twin Peaks,1,POINT (-122.4493637084961 37.73734664916992)
2020-07-01T00:00:00.000,Fraud,West of Twin Peaks,1,POINT (-122.44655943125326 37.728274955553175)
2020-07-01T00:00:00.000,Fraud,West of Twin Peaks,1,POINT (-122.45411682128906 37.72345733642578)
2020-07-01T00:00:00.000,Fraud,West of Twin Peaks,1,POINT (-122.45987701416016 37.72758865356445)
2020-07-01T00:00:00.000,Fraud,West of Twin Peaks,1,POINT (-122.45341134477795 37.73153064575239)
2020-07-01T00:00:00.000,Fraud,West of Twin Peaks,1,POINT (-122.4693419150489 37.72997687456877)
2020-07-01T00:00:00.000,Fraud,West of Twin Peaks,1,POINT (-122.47590202152121 37.74678203639273)
2020-07-01T00:00:00.000,Fraud,,6,
2020-08-01T00:00:00.000,Fraud,Bayview Hunters Point,1,POINT (-122.37389036627054 37.730936070218895)
2020-08-01T00:00:00.000,Fraud,Bayview Hunters Point,1,POINT (-122.39942169189453 37.71065902709961)
2020-08-01T00:00:00.000,Fraud,Bayview Hunters Point,1,POINT (-122.39936065673828 37.71331787109375)
2020-08-01T00:00:00.000,Fraud,Bayview Hunters Point,1,POINT (-122.39936326924109 37.71331912807089)
2020-08-01T00:00:00.000,Fraud,Bayview Hunters Point,1,POINT (-122.39453125 37.724693298339844)
2020-08-01T00:00:00.000,Fraud,Bayview Hunters Point,1,POINT (-122.3937369294708 37.72140845975932)
2020-08-01T00:00:00.000,Fraud,Bayview Hunters Point,1,POINT (-122.39727020263672 37.72092819213867)
2020-08-01T00:00:00.000,Fraud,Bayview Hunters Point,1,POINT (-122.3972709830318 37.720929617776726)
2020-08-01T00:00:00.000,Fraud,Bayview Hunters Point,1,POINT (-122.388671875 37.72704315185547)
2020-08-01T00:00:00.000,Fraud,Bayview Hunters Point,1,POINT (-122.3805289146387 37.732079051384794)
2020-08-01T00:00:00.000,Fraud,Bayview Hunters Point,1,POINT (-122.39096789139202 37.734013871373556)
2020-08-01T00:00:00.000,Fraud,Bayview Hunters Point,1,POINT (-122.39151763916016 37.7324333190918)
2020-08-01T00:00:00.000,Fraud,Bayview Hunters Point,1,POINT (-122.39530944824219 37.733158111572266)
2020-08-01T00:00:00.000,Fraud,Bayview Hunters Point,1,POINT (-122.39769744873047 37.7314338684082)
2020-08-01T00:00:00.000,Fraud,Bayview Hunters Point,1,POINT (-122.39717687851248 37.72990988256753)
2020-08-01T00:00:00.000,Fraud,Bayview Hunters Point,1,POINT (-122.40564673809936 37.73832136115452)
2020-08-01T00:00:00.000,Fraud,Bayview Hunters Point,1,POINT (-122.40080826801052 37.73864877116737)
2020-08-01T00:00:00.000,Fraud,Bayview Hunters Point,1,POINT (-122.38809204101562 37.73710632324219)
2020-08-01T00:00:00.000,Fraud,Bayview Hunters Point,1,POINT (-122.38809082672331 37.73710637580877)
2020-08-01T00:00:00.000,Fraud,Bayview Hunters Point,1,POINT (-122.3834228515625 37.735801696777344)
2020-08-01T00:00:00.000,Fraud,Bayview Hunters Point,1,POINT (-122.39640760368722 37.75117875536422)
2020-08-01T00:00:00.000,Fraud,Bayview Hunters Point,1,POINT (-122.38758850097656 37.75026321411133)
2020-08-01T00:00:00.000,Fraud,Bernal Heights,1,POINT (-122.42237832292422 37.7338427940057)
2020-08-01T00:00:00.000,Fraud,Bernal Heights,1,POINT (-122.42167663574219 37.742820739746094)
2020-08-01T00:00:00.000,Fraud,Bernal Heights,1,POINT (-122.4155544035822 37.73482485635367)
2020-08-01T00:00:00.000,Fraud,Bernal Heights,2,POINT (-122.41777039861658 37.74056356814803)
2020-08-01T00:00:00.000,Fraud,Castro/Upper Market,1,POINT (-122.44435119628906 37.76051330566406)
2020-08-01T00:00:00.000,Fraud,Castro/Upper Market,1,POINT (-122.43072509765625 37.762752532958984)
2020-08-01T00:00:00.000,Fraud,Chinatown,1,POINT (-122.41108166842409 37.79546738106974)
2020-08-01T00:00:00.000,Fraud,Chinatown,1,POINT (-122.40630340576172 37.79426193237305)
2020-08-01T00:00:00.000,Fraud,Chinatown,1,POINT (-122.40190694770784 37.79687570757892)
2020-08-01T00:00:00.000,Fraud,Chinatown,1,POINT (-122.40694427490234 37.79747009277344)
2020-08-01T00:00:00.000,Fraud,Excelsior,1,POINT (-122.42926788330078 37.70961380004883)
2020-08-01T00:00:00.000,Fraud,Excelsior,1,POINT (-122.43303680419922 37.710269927978516)
2020-08-01T00:00:00.000,Fraud,Excelsior,1,POINT (-122.43553161621094 37.71657180786133)
2020-08-01T00:00:00.000,Fraud,Excelsior,1,POINT (-122.43011091894242 37.72993058715464)
2020-08-01T00:00:00.000,Fraud,Excelsior,1,POINT (-122.42811582840267 37.727845926522235)
2020-08-01T00:00:00.000,Fraud,Excelsior,1,POINT (-122.4218521118164 37.72685623168945)
2020-08-01T00:00:00.000,Fraud,Financial District/South Beach,1,POINT (-122.4069595336914 37.789432525634766)
2020-08-01T00:00:00.000,Fraud,Financial District/South Beach,1,POINT (-122.40840148925781 37.788291931152344)
2020-08-01T00:00:00.000,Fraud,Financial District/South Beach,1,POINT (-122.40639887891692 37.786615346301794)
2020-08-01T00:00:00.000,Fraud,Financial District/South Beach,1,POINT (-122.40733704162238 37.784560141211806)
2020-08-01T00:00:00.000,Fraud,Financial District/South Beach,1,POINT (-122.40504139998343 37.787765494696465)
2020-08-01T00:00:00.000,Fraud,Financial District/South Beach,1,POINT (-122.39925384521484 37.78757858276367)
2020-08-01T00:00:00.000,Fraud,Financial District/South Beach,1,POINT (-122.39500784294518 37.787717614296156)
2020-08-01T00:00:00.000,Fraud,Financial District/South Beach,2,POINT (-122.39118194580078 37.78745651245117)
2020-08-01T00:00:00.000,Fraud,Financial District/South Beach,1,POINT (-122.39117965917615 37.78745518601511)
2020-08-01T00:00:00.000,Fraud,Financial District/South Beach,2,POINT (-122.39414978027344 37.783504486083984)
2020-08-01T00:00:00.000,Fraud,Financial District/South Beach,1,POINT (-122.3920774505126 37.78184616921501)
2020-08-01T00:00:00.000,Fraud,Financial District/South Beach,1,POINT (-122.39252471923828 37.79130935668945)
2020-08-01T00:00:00.000,Fraud,Financial District/South Beach,1,POINT (-122.39340794016304 37.790612669467755)
2020-08-01T00:00:00.000,Fraud,Financial District/South Beach,1,POINT (-122.398264449392 37.791716057660935)
2020-08-01T00:00:00.000,Fraud,Financial District/South Beach,1,POINT (-122.400146484375 37.79413604736328)
2020-08-01T00:00:00.000,Fraud,Glen Park,1,POINT (-122.43331511280763 37.74249471717274)
2020-08-01T00:00:00.000,Fraud,Glen Park,1,POINT (-122.43952178955078 37.7403564453125)
2020-08-01T00:00:00.000,Fraud,Glen Park,1,POINT (-122.43952083149101 37.740356936579225)
2020-08-01T00:00:00.000,Fraud,Glen Park,1,POINT (-122.43853759765625 37.739498138427734)
2020-08-01T00:00:00.000,Fraud,Glen Park,1,POINT (-122.4395523071289 37.73868942260742)
2020-08-01T00:00:00.000,Fraud,Glen Park,1,POINT (-122.4395490506862 37.738688421200465)
2020-08-01T00:00:00.000,Fraud,Glen Park,1,POINT (-122.4388198852539 37.73566818237305)
2020-08-01T00:00:00.000,Fraud,Golden Gate Park,1,POINT (-122.50297546386719 37.764312744140625)
2020-08-01T00:00:00.000,Fraud,Haight Ashbury,1,POINT (-122.44369506835938 37.76695251464844)
2020-08-01T00:00:00.000,Fraud,Haight Ashbury,1,POINT (-122.44827395446154 37.7641961311115)
2020-08-01T00:00:00.000,Fraud,Haight Ashbury,1,POINT (-122.43704223632812 37.77126693725586)
2020-08-01T00:00:00.000,Fraud,Haight Ashbury,1,POINT (-122.43440246582031 37.77064514160156)
2020-08-01T00:00:00.000,Fraud,Haight Ashbury,1,POINT (-122.432717263695 37.770860911040415)
2020-08-01T00:00:00.000,Fraud,Hayes Valley,2,POINT (-122.41950988769531 37.7763671875)
2020-08-01T00:00:00.000,Fraud,Hayes Valley,1,POINT (-122.43264770507812 37.77469253540039)
2020-08-01T00:00:00.000,Fraud,Hayes Valley,1,POINT (-122.42250219093546 37.77455093061696)
2020-08-01T00:00:00.000,Fraud,Hayes Valley,1,POINT (-122.42279052734375 37.77595138549805)
2020-08-01T00:00:00.000,Fraud,Hayes Valley,1,POINT (-122.42278763487914 37.77594986170828)
2020-08-01T00:00:00.000,Fraud,Hayes Valley,2,POINT (-122.43157196044922 37.7776985168457)
2020-08-01T00:00:00.000,Fraud,Inner Richmond,1,POINT (-122.4616197560561 37.773895252948684)
2020-08-01T00:00:00.000,Fraud,Inner Richmond,1,POINT (-122.46521066167479 37.77904257982074)
2020-08-01T00:00:00.000,Fraud,Inner Sunset,2,POINT (-122.45995330810547 37.765254974365234)
2020-08-01T00:00:00.000,Fraud,Inner Sunset,1,POINT (-122.46102312487574 37.76520933540097)
2020-08-01T00:00:00.000,Fraud,Japantown,1,POINT (-122.42833709716797 37.786712646484375)
2020-08-01T00:00:00.000,Fraud,Japantown,1,POINT (-122.43948038238113 37.78330848665904)
2020-08-01T00:00:00.000,Fraud,Lakeshore,1,POINT (-122.48133850097656 37.71595764160156)
2020-08-01T00:00:00.000,Fraud,Lakeshore,1,POINT (-122.47705078125 37.7200813293457)
2020-08-01T00:00:00.000,Fraud,Lakeshore,1,POINT (-122.48230743408203 37.72178649902344)
2020-08-01T00:00:00.000,Fraud,Lone Mountain/USF,1,POINT (-122.45686336883583 37.777401921767236)
2020-08-01T00:00:00.000,Fraud,Lone Mountain/USF,2,POINT (-122.45281219482422 37.77404022216797)
2020-08-01T00:00:00.000,Fraud,Lone Mountain/USF,1,POINT (-122.44167819391822 37.77737328369181)
2020-08-01T00:00:00.000,Fraud,Lone Mountain/USF,3,POINT (-122.44148832787053 37.77643503539543)
2020-08-01T00:00:00.000,Fraud,Lone Mountain/USF,1,POINT (-122.44749450683594 37.772789001464844)
2020-08-01T00:00:00.000,Fraud,Marina,1,POINT (-122.42453832626387 37.80130371865117)
2020-08-01T00:00:00.000,Fraud,Marina,1,POINT (-122.4256255050547 37.7983435358131)
2020-08-01T00:00:00.000,Fraud,Marina,1,POINT (-122.43267822265625 37.79983901977539)
2020-08-01T00:00:00.000,Fraud,Marina,1,POINT (-122.43055725097656 37.7977180480957)
2020-08-01T00:00:00.000,Fraud,Marina,1,POINT (-122.43167877197266 37.80326843261719)
2020-08-01T00:00:00.000,Fraud,Marina,1,POINT (-122.44690704345703 37.80328369140625)
2020-08-01T00:00:00.000,Fraud,Marina,1,POINT (-122.4378890991211 37.80060958862305)
2020-08-01T00:00:00.000,Fraud,Marina,1,POINT (-122.44470426984901 37.800695733525004)
2020-08-01T00:00:00.000,Fraud,Marina,1,POINT (-122.43896794440205 37.79760255436155)
2020-08-01T00:00:00.000,Fraud,McLaren Park,1,POINT (-122.42184448242188 37.72419738769531)
2020-08-01T00:00:00.000,Fraud,Mission,1,POINT (-122.41539001464844 37.74920654296875)
2020-08-01T00:00:00.000,Fraud,Mission,1,POINT (-122.42306213798886 37.754375197396186)
2020-08-01T00:00:00.000,Fraud,Mission,1,POINT (-122.42135541826262 37.759372452792256)
2020-08-01T00:00:00.000,Fraud,Mission,2,POINT (-122.41468811035156 37.75889587402344)
2020-08-01T00:00:00.000,Fraud,Mission,1,POINT (-122.41469003170093 37.75889598840878)
2020-08-01T00:00:00.000,Fraud,Mission,1,POINT (-122.41935729980469 37.761837005615234)
2020-08-01T00:00:00.000,Fraud,Mission,1,POINT (-122.41827132040292 37.761901562293616)
2020-08-01T00:00:00.000,Fraud,Mission,1,POINT (-122.4204330444336 37.76337432861328)
2020-08-01T00:00:00.000,Fraud,Mission,1,POINT (-122.42188644715362 37.76491737717617)
2020-08-01T00:00:00.000,Fraud,Mission,1,POINT (-122.41966897380142 37.76505133632968)
2020-08-01T00:00:00.000,Fraud,Mission,1,POINT (-122.41748809814453 37.76518249511719)
2020-08-01T00:00:00.000,Fraud,Mission,1,POINT (-122.4083023071289 37.76312255859375)
2020-08-01T00:00:00.000,Fraud,Mission,1,POINT (-122.41075897216797 37.759132385253906)
2020-08-01T00:00:00.000,Fraud,Mission,1,POINT (-122.40669900268833 37.75683373380551)
2020-08-01T00:00:00.000,Fraud,Mission,1,POINT (-122.40744856179857 37.75450633634839)
2020-08-01T00:00:00.000,Fraud,Mission,1,POINT (-122.41111755371094 37.75428771972656)
2020-08-01T00:00:00.000,Fraud,Mission,1,POINT (-122.41859436035156 37.75383758544922)
2020-08-01T00:00:00.000,Fraud,Mission,1,POINT (-122.4190175437401 37.75220444116967)
2020-08-01T00:00:00.000,Fraud,Mission,2,POINT (-122.41886138916016 37.750606536865234)
2020-08-01T00:00:00.000,Fraud,Mission,1,POINT (-122.41408603237402 37.752506064398666)
2020-08-01T00:00:00.000,Fraud,Mission,1,POINT (-122.40912991017443 37.752795583046776)
2020-08-01T00:00:00.000,Fraud,Mission,2,POINT (-122.41374969482422 37.770347595214844)
2020-08-01T00:00:00.000,Fraud,Mission,1,POINT (-122.41754150390625 37.765750885009766)
2020-08-01T00:00:00.000,Fraud,Mission,1,POINT (-122.41754231875055 37.76575213236902)
2020-08-01T00:00:00.000,Fraud,Mission,1,POINT (-122.41863361890303 37.76568623167785)
2020-08-01T00:00:00.000,Fraud,Mission,1,POINT (-122.42077661599431 37.76822562446765)
2020-08-01T00:00:00.000,Fraud,Mission,1,POINT (-122.41967183064224 37.77230320284353)
2020-08-01T00:00:00.000,Fraud,Mission Bay,2,POINT (-122.40080427775587 37.77113778727857)
2020-08-01T00:00:00.000,Fraud,Mission Bay,4,POINT (-122.38971710205078 37.77293014526367)
2020-08-01T00:00:00.000,Fraud,Mission Bay,3,POINT (-122.39143433652146 37.773466920607476)
2020-08-01T00:00:00.000,Fraud,Mission Bay,1,POINT (-122.39557647705078 37.77403259277344)
2020-08-01T00:00:00.000,Fraud,Nob Hill,1,POINT (-122.41903621239146 37.79078805361173)
2020-08-01T00:00:00.000,Fraud,Nob Hill,1,POINT (-122.41410730497438 37.7914164780501)
2020-08-01T00:00:00.000,Fraud,Nob Hill,1,POINT (-122.41511637997341 37.79223756939061)
2020-08-01T00:00:00.000,Fraud,Nob Hill,1,POINT (-122.41226959228516 37.790672302246094)
2020-08-01T00:00:00.000,Fraud,Nob Hill,1,POINT (-122.41372680664062 37.789527893066406)
2020-08-01T00:00:00.000,Fraud,Nob Hill,1,POINT (-122.40859504581255 37.78922561367261)
2020-08-01T00:00:00.000,Fraud,Nob Hill,1,POINT (-122.4100570678711 37.788082122802734)
2020-08-01T00:00:00.000,Fraud,Nob Hill,1,POINT (-122.41005693097291 37.78808218625765)
2020-08-01T00:00:00.000,Fraud,Nob Hill,1,POINT (-122.42030688368688 37.788699045143865)
2020-08-01T00:00:00.000,Fraud,Nob Hill,1,POINT (-122.41529051465169 37.797286787669194)
2020-08-01T00:00:00.000,Fraud,Noe Valley,1,POINT (-122.43598980630732 37.7479629997817)
2020-08-01T00:00:00.000,Fraud,Noe Valley,1,POINT (-122.4400863647461 37.7463493347168)
2020-08-01T00:00:00.000,Fraud,Noe Valley,1,POINT (-122.43408966064453 37.751304626464844)
2020-08-01T00:00:00.000,Fraud,Noe Valley,1,POINT (-122.4363021850586 37.75115203857422)
2020-08-01T00:00:00.000,Fraud,North Beach,1,POINT (-122.41580200195312 37.80821228027344)
2020-08-01T00:00:00.000,Fraud,North Beach,1,POINT (-122.417715898404 37.807978726080414)
2020-08-01T00:00:00.000,Fraud,North Beach,2,POINT (-122.41360416993442 37.805618478961165)
2020-08-01T00:00:00.000,Fraud,North Beach,2,POINT (-122.41120147705078 37.802101135253906)
2020-08-01T00:00:00.000,Fraud,North Beach,2,POINT (-122.40746307373047 37.801612854003906)
2020-08-01T00:00:00.000,Fraud,Oceanview/Merced/Ingleside,1,POINT (-122.46894113766407 37.717894143594236)
2020-08-01T00:00:00.000,Fraud,Oceanview/Merced/Ingleside,1,POINT (-122.46842956542969 37.71101760864258)
2020-08-01T00:00:00.000,Fraud,Oceanview/Merced/Ingleside,1,POINT (-122.46801651668402 37.716103026583774)
2020-08-01T00:00:00.000,Fraud,Oceanview/Merced/Ingleside,1,POINT (-122.4602244233328 37.72183468689616)
2020-08-01T00:00:00.000,Fraud,Outer Mission,1,POINT (-122.447265625 37.71464920043945)
2020-08-01T00:00:00.000,Fraud,Outer Mission,1,POINT (-122.4451797866469 37.71657567208357)
2020-08-01T00:00:00.000,Fraud,Outer Mission,2,POINT (-122.43627166748047 37.72605895996094)
2020-08-01T00:00:00.000,Fraud,Outer Mission,1,POINT (-122.43599094660901 37.72671921895877)
2020-08-01T00:00:00.000,Fraud,Outer Mission,2,POINT (-122.44306945800781 37.7249870300293)
2020-08-01T00:00:00.000,Fraud,Outer Mission,1,POINT (-122.43835512254596 37.72364450167391)
2020-08-01T00:00:00.000,Fraud,Outer Richmond,1,POINT (-122.4973187290067 37.77571541347681)
2020-08-01T00:00:00.000,Fraud,Outer Richmond,1,POINT (-122.4876708984375 37.776153564453125)
2020-08-01T00:00:00.000,Fraud,Outer Richmond,1,POINT (-122.47897338867188 37.774681091308594)
2020-08-01T00:00:00.000,Fraud,Outer Richmond,1,POINT (-122.48004150390625 37.77463150024414)
2020-08-01T00:00:00.000,Fraud,Outer Richmond,1,POINT (-122.47938297632868 37.78033468900229)
2020-08-01T00:00:00.000,Fraud,Outer Richmond,1,POINT (-122.47468611543894 37.77487657235751)
2020-08-01T00:00:00.000,Fraud,Outer Richmond,1,POINT (-122.47978567837039 37.785982616999256)
2020-08-01T00:00:00.000,Fraud,Outer Richmond,1,POINT (-122.48594532901511 37.78197461947164)
2020-08-01T00:00:00.000,Fraud,Outer Richmond,1,POINT (-122.49250793457031 37.78354263305664)
2020-08-01T00:00:00.000,Fraud,Outer Richmond,1,POINT (-122.49237515789692 37.78167665394315)
2020-08-01T00:00:00.000,Fraud,Outer Richmond,1,POINT (-122.5038833618164 37.777286529541016)
2020-08-01T00:00:00.000,Fraud,Pacific Heights,1,POINT (-122.43327331542969 37.78608703613281)
2020-08-01T00:00:00.000,Fraud,Pacific Heights,1,POINT (-122.43529313297668 37.787741163806004)
2020-08-01T00:00:00.000,Fraud,Pacific Heights,1,POINT (-122.43383965518827 37.7889062829483)
2020-08-01T00:00:00.000,Fraud,Pacific Heights,1,POINT (-122.43656720450002 37.79405757886022)
2020-08-01T00:00:00.000,Fraud,Pacific Heights,1,POINT (-122.42999267578125 37.79489517211914)
2020-08-01T00:00:00.000,Fraud,Pacific Heights,1,POINT (-122.42669677734375 37.79531478881836)
2020-08-01T00:00:00.000,Fraud,Pacific Heights,1,POINT (-122.42561605450139 37.78995188493875)
2020-08-01T00:00:00.000,Fraud,Pacific Heights,1,POINT (-122.44265435424725 37.790539452980035)
2020-08-01T00:00:00.000,Fraud,Pacific Heights,1,POINT (-122.44062361999508 37.78899525864335)
2020-08-01T00:00:00.000,Fraud,Portola,1,POINT (-122.41101454723119 37.72968772144081)
2020-08-01T00:00:00.000,Fraud,Portola,1,POINT (-122.41048431396484 37.72051239013672)
2020-08-01T00:00:00.000,Fraud,Portola,1,POINT (-122.4031023085726 37.72643345478486)
2020-08-01T00:00:00.000,Fraud,Portola,1,POINT (-122.40260314941406 37.72523498535156)
2020-08-01T00:00:00.000,Fraud,Portola,1,POINT (-122.40260041241011 37.72523511065475)
2020-08-01T00:00:00.000,Fraud,Portola,1,POINT (-122.40360092039614 37.724975586504776)
2020-08-01T00:00:00.000,Fraud,Portola,1,POINT (-122.40459442138672 37.730037689208984)
2020-08-01T00:00:00.000,Fraud,Potrero Hill,1,POINT (-122.39288330078125 37.755096435546875)
2020-08-01T00:00:00.000,Fraud,Potrero Hill,1,POINT (-122.38960773242441 37.76171064829068)
2020-08-01T00:00:00.000,Fraud,Potrero Hill,2,POINT (-122.40096282958984 37.75813293457031)
2020-08-01T00:00:00.000,Fraud,Presidio Heights,1,POINT (-122.4510121483059 37.78427527255617)
2020-08-01T00:00:00.000,Fraud,Presidio Heights,1,POINT (-122.45938761649123 37.78840521728798)
2020-08-01T00:00:00.000,Fraud,Russian Hill,1,POINT (-122.4195785522461 37.7934684753418)
2020-08-01T00:00:00.000,Fraud,Russian Hill,1,POINT (-122.41845766319119 37.796275467515336)
2020-08-01T00:00:00.000,Fraud,Russian Hill,1,POINT (-122.41871643066406 37.805931091308594)
2020-08-01T00:00:00.000,Fraud,Russian Hill,1,POINT (-122.42027282714844 37.80523681640625)
2020-08-01T00:00:00.000,Fraud,Russian Hill,1,POINT (-122.4136734008789 37.80179214477539)
2020-08-01T00:00:00.000,Fraud,Russian Hill,1,POINT (-122.41468048095703 37.80261993408203)
2020-08-01T00:00:00.000,Fraud,Russian Hill,1,POINT (-122.4232749629552 37.80341263868431)
2020-08-01T00:00:00.000,Fraud,Seacliff,1,POINT (-122.4880599975586 37.78868103027344)
2020-08-01T00:00:00.000,Fraud,South of Market,1,POINT (-122.4019775390625 37.77647018432617)
2020-08-01T00:00:00.000,Fraud,South of Market,1,POINT (-122.40363311767578 37.77516174316406)
2020-08-01T00:00:00.000,Fraud,South of Market,2,POINT (-122.40363551943442 37.7751608100771)
2020-08-01T00:00:00.000,Fraud,South of Market,1,POINT (-122.4056167602539 37.77850341796875)
2020-08-01T00:00:00.000,Fraud,South of Market,2,POINT (-122.40870666503906 37.78097152709961)
2020-08-01T00:00:00.000,Fraud,South of Market,1,POINT (-122.40928649902344 37.779659271240234)
2020-08-01T00:00:00.000,Fraud,South of Market,2,POINT (-122.4076919555664 37.7801628112793)
2020-08-01T00:00:00.000,Fraud,South of Market,1,POINT (-122.41629170279316 37.77749384266056)
2020-08-01T00:00:00.000,Fraud,South of Market,1,POINT (-122.41513061523438 37.7758903503418)
2020-08-01T00:00:00.000,Fraud,South of Market,1,POINT (-122.41161346435547 37.77376937866211)
2020-08-01T00:00:00.000,Fraud,South of Market,1,POINT (-122.41160583496094 37.776222229003906)
2020-08-01T00:00:00.000,Fraud,South of Market,1,POINT (-122.40750194432596 37.77210439167875)
2020-08-01T00:00:00.000,Fraud,South of Market,1,POINT (-122.39684142850209 37.78211912156566)
2020-08-01T00:00:00.000,Fraud,Sunset/Parkside,1,POINT (-122.50619398278234 37.73609568679291)
2020-08-01T00:00:00.000,Fraud,Sunset/Parkside,1,POINT (-122.48795318603516 37.73097229003906)
2020-08-01T00:00:00.000,Fraud,Sunset/Parkside,1,POINT (-122.49552917480469 37.73470687866211)
2020-08-01T00:00:00.000,Fraud,Sunset/Parkside,1,POINT (-122.49565887451172 37.73655700683594)
2020-08-01T00:00:00.000,Fraud,Sunset/Parkside,1,POINT (-122.49565879447093 37.736558141398156)
2020-08-01T00:00:00.000,Fraud,Sunset/Parkside,2,POINT (-122.48828887939453 37.7387580871582)
2020-08-01T00:00:00.000,Fraud,Sunset/Parkside,2,POINT (-122.48177337646484 37.7377815246582)
2020-08-01T00:00:00.000,Fraud,Sunset/Parkside,1,POINT (-122.48104953693301 37.742814402568605)
2020-08-01T00:00:00.000,Fraud,Sunset/Parkside,1,POINT (-122.4811782836914 37.74468231201172)
2020-08-01T00:00:00.000,Fraud,Sunset/Parkside,1,POINT (-122.48906707763672 37.749942779541016)
2020-08-01T00:00:00.000,Fraud,Sunset/Parkside,1,POINT (-122.4890664097742 37.74994278492529)
2020-08-01T00:00:00.000,Fraud,Sunset/Parkside,1,POINT (-122.4993896484375 37.74388122558594)
2020-08-01T00:00:00.000,Fraud,Sunset/Parkside,1,POINT (-122.49777221679688 37.751426696777344)
2020-08-01T00:00:00.000,Fraud,Sunset/Parkside,1,POINT (-122.49923706054688 37.75697708129883)
2020-08-01T00:00:00.000,Fraud,Sunset/Parkside,1,POINT (-122.49267538627996 37.755398478346756)
2020-08-01T00:00:00.000,Fraud,Sunset/Parkside,1,POINT (-122.48517608642578 37.75572967529297)
2020-08-01T00:00:00.000,Fraud,Sunset/Parkside,1,POINT (-122.47848510742188 37.752281188964844)
2020-08-01T00:00:00.000,Fraud,Sunset/Parkside,1,POINT (-122.48114752500436 37.759643041208484)
2020-08-01T00:00:00.000,Fraud,Sunset/Parkside,2,POINT (-122.48890686035156 37.76304244995117)
2020-08-01T00:00:00.000,Fraud,Sunset/Parkside,2,POINT (-122.49842071533203 37.76075744628906)
2020-08-01T00:00:00.000,Fraud,Sunset/Parkside,1,POINT (-122.49320220947266 37.76285171508789)
2020-08-01T00:00:00.000,Fraud,Sunset/Parkside,1,POINT (-122.49319879998542 37.76285331472425)
2020-08-01T00:00:00.000,Fraud,Sunset/Parkside,1,POINT (-122.502712988963 37.760566532065006)
2020-08-01T00:00:00.000,Fraud,Sunset/Parkside,1,POINT (-122.50125122070312 37.755001068115234)
2020-08-01T00:00:00.000,Fraud,Sunset/Parkside,1,POINT (-122.50124924366183 37.755002792339724)
2020-08-01T00:00:00.000,Fraud,Sunset/Parkside,1,POINT (-122.50741622958954 37.751003283475306)
2020-08-01T00:00:00.000,Fraud,Sunset/Parkside,1,POINT (-122.50890254470625 37.75655122870687)
2020-08-01T00:00:00.000,Fraud,Tenderloin,1,POINT (-122.4161376953125 37.780616760253906)
2020-08-01T00:00:00.000,Fraud,Tenderloin,1,POINT (-122.4175033569336 37.77654266357422)
2020-08-01T00:00:00.000,Fraud,Tenderloin,1,POINT (-122.41214750780264 37.78589292711297)
2020-08-01T00:00:00.000,Fraud,Tenderloin,3,POINT (-122.41214752197266 37.785892486572266)
2020-08-01T00:00:00.000,Fraud,Tenderloin,1,POINT (-122.41973876953125 37.785892486572266)
2020-08-01T00:00:00.000,Fraud,Tenderloin,1,POINT (-122.41808809883916 37.78610103879033)
2020-08-01T00:00:00.000,Fraud,Tenderloin,1,POINT (-122.41790008544922 37.7851676940918)
2020-08-01T00:00:00.000,Fraud,Tenderloin,1,POINT (-122.41480664938405 37.78651981906591)
2020-08-01T00:00:00.000,Fraud,Tenderloin,1,POINT (-122.4150200242163 37.78553183240745)
2020-08-01T00:00:00.000,Fraud,Tenderloin,1,POINT (-122.4177067508564 37.78423573864025)
2020-08-01T00:00:00.000,Fraud,Tenderloin,1,POINT (-122.41927337646484 37.7835693359375)
2020-08-01T00:00:00.000,Fraud,Tenderloin,1,POINT (-122.41927343381671 37.78356778488696)
2020-08-01T00:00:00.000,Fraud,Tenderloin,2,POINT (-122.41936492919922 37.78403091430664)
2020-08-01T00:00:00.000,Fraud,Tenderloin,1,POINT (-122.41222381591797 37.782073974609375)
2020-08-01T00:00:00.000,Fraud,Tenderloin,1,POINT (-122.41069793701172 37.782894134521484)
2020-08-01T00:00:00.000,Fraud,Tenderloin,1,POINT (-122.4107006055215 37.7828956838857)
2020-08-01T00:00:00.000,Fraud,Tenderloin,1,POINT (-122.4124117474483 37.783004077643476)
2020-08-01T00:00:00.000,Fraud,Tenderloin,2,POINT (-122.41095161908784 37.78414101130419)
2020-08-01T00:00:00.000,Fraud,Treasure Island,1,POINT (-122.37559311370266 37.82452429749066)
2020-08-01T00:00:00.000,Fraud,Twin Peaks,1,POINT (-122.44598442613956 37.75235171503818)
2020-08-01T00:00:00.000,Fraud,Twin Peaks,1,POINT (-122.44247641173526 37.75371897206997)
2020-08-01T00:00:00.000,Fraud,Visitacion Valley,1,POINT (-122.41876599574823 37.71193343102876)
2020-08-01T00:00:00.000,Fraud,Visitacion Valley,1,POINT (-122.4125045604008 37.712724853208066)
2020-08-01T00:00:00.000,Fraud,Visitacion Valley,1,POINT (-122.41015039389215 37.71330425449689)
2020-08-01T00:00:00.000,Fraud,Visitacion Valley,1,POINT (-122.40676879882812 37.71390151977539)
2020-08-01T00:00:00.000,Fraud,Visitacion Valley,1,POINT (-122.42100292414473 37.7101038026481)
2020-08-01T00:00:00.000,Fraud,Visitacion Valley,1,POINT (-122.42289332760808 37.709162205023596)
2020-08-01T00:00:00.000,Fraud,Western Addition,1,POINT (-122.43214416503906 37.780494689941406)
2020-08-01T00:00:00.000,Fraud,Western Addition,1,POINT (-122.43195343017578 37.779563903808594)
2020-08-01T00:00:00.000,Fraud,Western Addition,1,POINT (-122.43195180329982 37.77956414797087)
2020-08-01T00:00:00.000,Fraud,Western Addition,1,POINT (-122.42984920122142 37.77791929478707)
2020-08-01T00:00:00.000,Fraud,Western Addition,1,POINT (-122.43561553955078 37.781009674072266)
2020-08-01T00:00:00.000,Fraud,Western Addition,1,POINT (-122.43435039627953 37.7830830171894)
2020-08-01T00:00:00.000,Fraud,Western Addition,1,POINT (-122.43079788213421 37.782569887796356)
2020-08-01T00:00:00.000,Fraud,Western Addition,1,POINT (-122.42218780517578 37.781288146972656)
2020-08-01T00:00:00.000,Fraud,Western Addition,1,POINT (-122.4242935180664 37.78340148925781)
2020-08-01T00:00:00.000,Fraud,Western Addition,1,POINT (-122.42778015136719 37.7839241027832)
2020-08-01T00:00:00.000,Fraud,Western Addition,3,POINT (-122.42378234863281 37.78920364379883)
2020-08-01T00:00:00.000,Fraud,West of Twin Peaks,1,POINT (-122.43498992919922 37.732295989990234)
2020-08-01T00:00:00.000,Fraud,West of Twin Peaks,2,POINT (-122.45267486572266 37.743873596191406)
2020-08-01T00:00:00.000,Fraud,West of Twin Peaks,1,POINT (-122.45684814453125 37.744808197021484)
2020-08-01T00:00:00.000,Fraud,West of Twin Peaks,1,POINT (-122.45684795273021 37.74480758367075)
2020-08-01T00:00:00.000,Fraud,West of Twin Peaks,1,POINT (-122.46503613166843 37.740650896554975)
2020-08-01T00:00:00.000,Fraud,West of Twin Peaks,1,POINT (-122.44696807861328 37.739627838134766)
2020-08-01T00:00:00.000,Fraud,West of Twin Peaks,1,POINT (-122.446533203125 37.73399353027344)
2020-08-01T00:00:00.000,Fraud,West of Twin Peaks,2,POINT (-122.46226548833442 37.721827793591586)
2020-08-01T00:00:00.000,Fraud,West of Twin Peaks,1,POINT (-122.4687271118164 37.72362518310547)
2020-08-01T00:00:00.000,Fraud,West of Twin Peaks,1,POINT (-122.46728515625 37.72521209716797)
2020-08-01T00:00:00.000,Fraud,West of Twin Peaks,1,POINT (-122.46540832519531 37.72847366333008)
2020-08-01T00:00:00.000,Fraud,West of Twin Peaks,1,POINT (-122.46440887451172 37.730926513671875)
2020-08-01T00:00:00.000,Fraud,West of Twin Peaks,1,POINT (-122.47488730434056 37.74682681802116)
2020-08-01T00:00:00.000,Fraud,,3,
2020-09-01T00:00:00.000,Fraud,Bayview Hunters Point,1,POINT (-122.40364837646484 37.71118927001953)
2020-09-01T00:00:00.000,Fraud,Bayview Hunters Point,1,POINT (-122.39074534279013 37.72159985216247)
2020-09-01T00:00:00.000,Fraud,Bayview Hunters Point,1,POINT (-122.39747619628906 37.718833923339844)
2020-09-01T00:00:00.000,Fraud,Bayview Hunters Point,1,POINT (-122.38081711314345 37.72636351499842)
2020-09-01T00:00:00.000,Fraud,Bayview Hunters Point,1,POINT (-122.37993438140147 37.731282902583615)
2020-09-01T00:00:00.000,Fraud,Bayview Hunters Point,1,POINT (-122.3820300354796 37.733373030798255)
2020-09-01T00:00:00.000,Fraud,Bayview Hunters Point,1,POINT (-122.39151763916016 37.7324333190918)
2020-09-01T00:00:00.000,Fraud,Bayview Hunters Point,1,POINT (-122.39572616621354 37.731911770953374)
2020-09-01T00:00:00.000,Fraud,Bayview Hunters Point,1,POINT (-122.39241507518486 37.72915975311489)
2020-09-01T00:00:00.000,Fraud,Bayview Hunters Point,1,POINT (-122.39537811279297 37.729652404785156)
2020-09-01T00:00:00.000,Fraud,Bayview Hunters Point,1,POINT (-122.3953769340303 37.729654219714476)
2020-09-01T00:00:00.000,Fraud,Bayview Hunters Point,1,POINT (-122.39717864990234 37.72990798950195)
2020-09-01T00:00:00.000,Fraud,Bayview Hunters Point,1,POINT (-122.39717687851248 37.72990988256753)
2020-09-01T00:00:00.000,Fraud,Bayview Hunters Point,1,POINT (-122.40027618408203 37.72983932495117)
2020-09-01T00:00:00.000,Fraud,Bayview Hunters Point,1,POINT (-122.39766693115234 37.73686218261719)
2020-09-01T00:00:00.000,Fraud,Bayview Hunters Point,1,POINT (-122.39832716229498 37.73604528158339)
2020-09-01T00:00:00.000,Fraud,Bayview Hunters Point,1,POINT (-122.38738250732422 37.734825134277344)
2020-09-01T00:00:00.000,Fraud,Bayview Hunters Point,1,POINT (-122.38958740234375 37.73795700073242)
2020-09-01T00:00:00.000,Fraud,Bayview Hunters Point,1,POINT (-122.38363786204994 37.73660452681319)
2020-09-01T00:00:00.000,Fraud,Bayview Hunters Point,1,POINT (-122.38714331320446 37.74129736560071)
2020-09-01T00:00:00.000,Fraud,Bayview Hunters Point,1,POINT (-122.39032745361328 37.74404525756836)
2020-09-01T00:00:00.000,Fraud,Bayview Hunters Point,1,POINT (-122.39704283791049 37.74597422469076)
2020-09-01T00:00:00.000,Fraud,Bayview Hunters Point,1,POINT (-122.40430629342 37.74252073319404)
2020-09-01T00:00:00.000,Fraud,Bayview Hunters Point,1,POINT (-122.39458465576172 37.75242614746094)
2020-09-01T00:00:00.000,Fraud,Bayview Hunters Point,1,POINT (-122.3945869789376 37.752426800122734)
2020-09-01T00:00:00.000,Fraud,Bayview Hunters Point,1,POINT (-122.39640760368722 37.75117875536422)
2020-09-01T00:00:00.000,Fraud,Bernal Heights,1,POINT (-122.42611694335938 37.73395538330078)
2020-09-01T00:00:00.000,Fraud,Bernal Heights,1,POINT (-122.41822052001953 37.748165130615234)
2020-09-01T00:00:00.000,Fraud,Bernal Heights,1,POINT (-122.414333291644 37.74676646796248)
2020-09-01T00:00:00.000,Fraud,Bernal Heights,1,POINT (-122.41785108127854 37.74477017141476)
2020-09-01T00:00:00.000,Fraud,Bernal Heights,1,POINT (-122.42148545138262 37.74312266332609)
2020-09-01T00:00:00.000,Fraud,Bernal Heights,1,POINT (-122.4113579190517 37.74426625970861)
2020-09-01T00:00:00.000,Fraud,Bernal Heights,1,POINT (-122.41676330566406 37.73560333251953)
2020-09-01T00:00:00.000,Fraud,Bernal Heights,1,POINT (-122.42284393310547 37.74102783203125)
2020-09-01T00:00:00.000,Fraud,Bernal Heights,1,POINT (-122.42404174804688 37.73740768432617)
2020-09-01T00:00:00.000,Fraud,Castro/Upper Market,1,POINT (-122.44403694146978 37.76459772935074)
2020-09-01T00:00:00.000,Fraud,Castro/Upper Market,2,POINT (-122.43469758478948 37.75768654264189)
2020-09-01T00:00:00.000,Fraud,Castro/Upper Market,1,POINT (-122.43065017784869 37.76195440731402)
2020-09-01T00:00:00.000,Fraud,Castro/Upper Market,1,POINT (-122.42745971679688 37.76877212524414)
2020-09-01T00:00:00.000,Fraud,Castro/Upper Market,1,POINT (-122.42992401123047 37.76606369018555)
2020-09-01T00:00:00.000,Fraud,Castro/Upper Market,1,POINT (-122.43082427978516 37.766014099121094)
2020-09-01T00:00:00.000,Fraud,Castro/Upper Market,1,POINT (-122.43082439591676 37.766013730057786)
2020-09-01T00:00:00.000,Fraud,Chinatown,1,POINT (-122.40807910223747 37.794940685499824)
2020-09-01T00:00:00.000,Fraud,Chinatown,1,POINT (-122.4041390667307 37.795801855560256)
2020-09-01T00:00:00.000,Fraud,Chinatown,1,POINT (-122.4086188468051 37.79762756115917)
2020-09-01T00:00:00.000,Fraud,Chinatown,1,POINT (-122.40988159179688 37.79844284057617)
2020-09-01T00:00:00.000,Fraud,Chinatown,1,POINT (-122.40987875494628 37.7984422945084)
2020-09-01T00:00:00.000,Fraud,Chinatown,1,POINT (-122.41252991166826 37.8003234422853)
2020-09-01T00:00:00.000,Fraud,Excelsior,1,POINT (-122.43699645996094 37.71074676513672)
2020-09-01T00:00:00.000,Fraud,Excelsior,1,POINT (-122.43280792236328 37.72161865234375)
2020-09-01T00:00:00.000,Fraud,Excelsior,2,POINT (-122.43238518772584 37.719298461387545)
2020-09-01T00:00:00.000,Fraud,Excelsior,1,POINT (-122.43205261230469 37.725486755371094)
2020-09-01T00:00:00.000,Fraud,Excelsior,1,POINT (-122.42250061035156 37.73077392578125)
2020-09-01T00:00:00.000,Fraud,Excelsior,1,POINT (-122.42185242596219 37.726854768221045)
2020-09-01T00:00:00.000,Fraud,Financial District/South Beach,1,POINT (-122.4075004964411 37.7903218900193)
2020-09-01T00:00:00.000,Fraud,Financial District/South Beach,1,POINT (-122.40840148925781 37.788291931152344)
2020-09-01T00:00:00.000,Fraud,Financial District/South Beach,1,POINT (-122.40371175457705 37.78404443715923)
2020-09-01T00:00:00.000,Fraud,Financial District/South Beach,2,POINT (-122.40479506275997 37.784908299430455)
2020-09-01T00:00:00.000,Fraud,Financial District/South Beach,1,POINT (-122.40081024169922 37.78770065307617)
2020-09-01T00:00:00.000,Fraud,Financial District/South Beach,1,POINT (-122.39447784423828 37.78730010986328)
2020-09-01T00:00:00.000,Fraud,Financial District/South Beach,1,POINT (-122.39359716503304 37.787996308614986)
2020-09-01T00:00:00.000,Fraud,Financial District/South Beach,1,POINT (-122.39031948501302 37.78813450138674)
2020-09-01T00:00:00.000,Fraud,Financial District/South Beach,1,POINT (-122.39669036865234 37.790462493896484)
2020-09-01T00:00:00.000,Fraud,Financial District/South Beach,2,POINT (-122.40238040320415 37.790968609726725)
2020-09-01T00:00:00.000,Fraud,Financial District/South Beach,1,POINT (-122.40238189697266 37.79096984863281)
2020-09-01T00:00:00.000,Fraud,Financial District/South Beach,1,POINT (-122.40257133181603 37.79189893804923)
2020-09-01T00:00:00.000,Fraud,Financial District/South Beach,1,POINT (-122.40441842894154 37.792638655548835)
2020-09-01T00:00:00.000,Fraud,Financial District/South Beach,1,POINT (-122.39995873701295 37.7932091009356)
2020-09-01T00:00:00.000,Fraud,Financial District/South Beach,1,POINT (-122.40048217773438 37.795875549316406)
2020-09-01T00:00:00.000,Fraud,Glen Park,1,POINT (-122.42581176757812 37.74214172363281)
2020-09-01T00:00:00.000,Fraud,Glen Park,1,POINT (-122.43456363114474 37.73677872855932)
2020-09-01T00:00:00.000,Fraud,Glen Park,1,POINT (-122.43562316894531 37.74153518676758)
2020-09-01T00:00:00.000,Fraud,Glen Park,1,POINT (-122.43331511280763 37.74249471717274)
2020-09-01T00:00:00.000,Fraud,Golden Gate Park,1,POINT (-122.46268379719766 37.773759750936534)
2020-09-01T00:00:00.000,Fraud,Golden Gate Park,1,POINT (-122.44402313232422 37.77229690551758)
2020-09-01T00:00:00.000,Fraud,Haight Ashbury,1,POINT (-122.4487679153858 37.77073088286521)
2020-09-01T00:00:00.000,Fraud,Haight Ashbury,1,POINT (-122.45140075683594 37.76561737060547)
2020-09-01T00:00:00.000,Fraud,Haight Ashbury,1,POINT (-122.4514028896707 37.765615759506716)
2020-09-01T00:00:00.000,Fraud,Haight Ashbury,1,POINT (-122.4449234008789 37.7654914855957)
2020-09-01T00:00:00.000,Fraud,Haight Ashbury,1,POINT (-122.43684894391845 37.77034289571427)
2020-09-01T00:00:00.000,Fraud,Hayes Valley,1,POINT (-122.42114842518583 37.77615876396203)
2020-09-01T00:00:00.000,Fraud,Hayes Valley,1,POINT (-122.42086029052734 37.77476119995117)
2020-09-01T00:00:00.000,Fraud,Hayes Valley,1,POINT (-122.42551205721274 37.772734311063964)
2020-09-01T00:00:00.000,Fraud,Hayes Valley,1,POINT (-122.43035456358812 37.77163980667358)
2020-09-01T00:00:00.000,Fraud,Hayes Valley,1,POINT (-122.43429565429688 37.77447509765625)
2020-09-01T00:00:00.000,Fraud,Hayes Valley,1,POINT (-122.436318144307 37.7761378357141)
2020-09-01T00:00:00.000,Fraud,Hayes Valley,1,POINT (-122.43264862280408 37.774692659698076)
2020-09-01T00:00:00.000,Fraud,Hayes Valley,1,POINT (-122.42607116699219 37.7755241394043)
2020-09-01T00:00:00.000,Fraud,Hayes Valley,1,POINT (-122.4230728149414 37.77735137939453)
2020-09-01T00:00:00.000,Fraud,Hayes Valley,1,POINT (-122.42335402580974 37.77874737106934)
2020-09-01T00:00:00.000,Fraud,Inner Richmond,1,POINT (-122.46387552692353 37.775368966197675)
2020-09-01T00:00:00.000,Fraud,Inner Richmond,1,POINT (-122.46506846180141 37.77718530462359)
2020-09-01T00:00:00.000,Fraud,Inner Richmond,1,POINT (-122.46213927941308 37.781110994733616)
2020-09-01T00:00:00.000,Fraud,Inner Richmond,1,POINT (-122.46414184570312 37.779090881347656)
2020-09-01T00:00:00.000,Fraud,Inner Richmond,1,POINT (-122.4607925415039 37.777381896972656)
2020-09-01T00:00:00.000,Fraud,Inner Richmond,2,POINT (-122.45999908447266 37.781211853027344)
2020-09-01T00:00:00.000,Fraud,Inner Richmond,1,POINT (-122.46040344238281 37.786865234375)
2020-09-01T00:00:00.000,Fraud,Inner Richmond,1,POINT (-122.46030824616088 37.78553855410927)
2020-09-01T00:00:00.000,Fraud,Inner Richmond,1,POINT (-122.46334838867188 37.782989501953125)
2020-09-01T00:00:00.000,Fraud,Inner Sunset,1,POINT (-122.47334289550781 37.755550384521484)
2020-09-01T00:00:00.000,Fraud,Inner Sunset,1,POINT (-122.47244617469158 37.76002920649999)
2020-09-01T00:00:00.000,Fraud,Inner Sunset,2,POINT (-122.47166779600576 37.763801646612)
2020-09-01T00:00:00.000,Fraud,Inner Sunset,1,POINT (-122.45775604248047 37.76535415649414)
2020-09-01T00:00:00.000,Fraud,Inner Sunset,1,POINT (-122.46566209371379 37.754709279748035)
2020-09-01T00:00:00.000,Fraud,Japantown,1,POINT (-122.42485809326172 37.786197662353516)
2020-09-01T00:00:00.000,Fraud,Lakeshore,1,POINT (-122.48314666748047 37.7185173034668)
2020-09-01T00:00:00.000,Fraud,Lakeshore,1,POINT (-122.48154283574766 37.71753059977352)
2020-09-01T00:00:00.000,Fraud,Lakeshore,1,POINT (-122.47998074740352 37.71694233909822)
2020-09-01T00:00:00.000,Fraud,Lakeshore,1,POINT (-122.47723215416002 37.73111788105647)
2020-09-01T00:00:00.000,Fraud,Lakeshore,2,POINT (-122.48310424113126 37.719109027120155)
2020-09-01T00:00:00.000,Fraud,Lone Mountain/USF,1,POINT (-122.4567459020762 37.77682502502754)
2020-09-01T00:00:00.000,Fraud,Lone Mountain/USF,1,POINT (-122.45084384886376 37.780622313008635)
2020-09-01T00:00:00.000,Fraud,Lone Mountain/USF,1,POINT (-122.45084381103516 37.78062057495117)
2020-09-01T00:00:00.000,Fraud,Lone Mountain/USF,1,POINT (-122.44879150390625 37.780879974365234)
2020-09-01T00:00:00.000,Fraud,Lone Mountain/USF,1,POINT (-122.44879124957072 37.78088166227314)
2020-09-01T00:00:00.000,Fraud,Lone Mountain/USF,1,POINT (-122.4429702758789 37.78145980834961)
2020-09-01T00:00:00.000,Fraud,Lone Mountain/USF,1,POINT (-122.45773304499775 37.78131458534108)
2020-09-01T00:00:00.000,Fraud,Marina,1,POINT (-122.42689272970865 37.796272250626885)
2020-09-01T00:00:00.000,Fraud,Marina,1,POINT (-122.42360129831425 37.79669105830072)
2020-09-01T00:00:00.000,Fraud,Marina,2,POINT (-122.42617797851562 37.80109405517578)
2020-09-01T00:00:00.000,Fraud,Marina,1,POINT (-122.43267822265625 37.79983901977539)
2020-09-01T00:00:00.000,Fraud,Marina,1,POINT (-122.43384673355347 37.797298027642356)
2020-09-01T00:00:00.000,Fraud,Marina,1,POINT (-122.43714141845703 37.796878814697266)
2020-09-01T00:00:00.000,Fraud,Marina,1,POINT (-122.43730163574219 37.800682067871094)
2020-09-01T00:00:00.000,Fraud,Marina,1,POINT (-122.42985534667969 37.802581787109375)
2020-09-01T00:00:00.000,Fraud,Marina,1,POINT (-122.43704556734586 37.80435912227808)
2020-09-01T00:00:00.000,Fraud,Marina,1,POINT (-122.43800354003906 37.804237365722656)
2020-09-01T00:00:00.000,Fraud,McLaren Park,1,POINT (-122.4141763243238 37.7181267149201)
2020-09-01T00:00:00.000,Fraud,Mission,1,POINT (-122.41268719509124 37.74936982198442)
2020-09-01T00:00:00.000,Fraud,Mission,1,POINT (-122.41321563720703 37.74933624267578)
2020-09-01T00:00:00.000,Fraud,Mission,1,POINT (-122.42248736491135 37.74801344882507)
2020-09-01T00:00:00.000,Fraud,Mission,1,POINT (-122.42021179199219 37.762664794921875)
2020-09-01T00:00:00.000,Fraud,Mission,1,POINT (-122.41048669029503 37.76560583760297)
2020-09-01T00:00:00.000,Fraud,Mission,1,POINT (-122.41048431396484 37.76560592651367)
2020-09-01T00:00:00.000,Fraud,Mission,1,POINT (-122.40760040283203 37.756107330322266)
2020-09-01T00:00:00.000,Fraud,Mission,1,POINT (-122.41204833984375 37.75423049926758)
2020-09-01T00:00:00.000,Fraud,Mission,1,POINT (-122.41671752929688 37.75716781616211)
2020-09-01T00:00:00.000,Fraud,Mission,1,POINT (-122.41517229045435 37.752439644389675)
2020-09-01T00:00:00.000,Fraud,Mission,1,POINT (-122.41735781829728 37.75230597782659)
2020-09-01T00:00:00.000,Fraud,Mission,1,POINT (-122.41859436035156 37.75383758544922)
2020-09-01T00:00:00.000,Fraud,Mission,1,POINT (-122.42159515271041 37.75204680877511)
2020-09-01T00:00:00.000,Fraud,Mission,1,POINT (-122.41283855562692 37.7509680876814)
2020-09-01T00:00:00.000,Fraud,Mission,1,POINT (-122.40912991017443 37.752795583046776)
2020-09-01T00:00:00.000,Fraud,Mission,1,POINT (-122.40618656585733 37.75136690198006)
2020-09-01T00:00:00.000,Fraud,Mission,1,POINT (-122.40424346923828 37.75184631347656)
2020-09-01T00:00:00.000,Fraud,Mission,1,POINT (-122.40448436597819 37.754395791687145)
2020-09-01T00:00:00.000,Fraud,Mission,1,POINT (-122.41925811767578 37.775146484375)
2020-09-01T00:00:00.000,Fraud,Mission,1,POINT (-122.41374961166352 37.77034734336754)
2020-09-01T00:00:00.000,Fraud,Mission,1,POINT (-122.41780090332031 37.76840591430664)
2020-09-01T00:00:00.000,Fraud,Mission,1,POINT (-122.42204381448558 37.76653957529556)
2020-09-01T00:00:00.000,Fraud,Mission Bay,2,POINT (-122.39137353346597 37.77283099431839)
2020-09-01T00:00:00.000,Fraud,Mission Bay,4,POINT (-122.38971710205078 37.77293014526367)
2020-09-01T00:00:00.000,Fraud,Mission Bay,1,POINT (-122.39403506751226 37.776332975565595)
2020-09-01T00:00:00.000,Fraud,Mission Bay,5,POINT (-122.39143433652146 37.773466920607476)
2020-09-01T00:00:00.000,Fraud,Nob Hill,1,POINT (-122.42232895626927 37.79036965855657)
2020-09-01T00:00:00.000,Fraud,Nob Hill,1,POINT (-122.4175822237796 37.79192286081067)
2020-09-01T00:00:00.000,Fraud,Nob Hill,1,POINT (-122.42087318515297 37.79149585408994)
2020-09-01T00:00:00.000,Fraud,Nob Hill,1,POINT (-122.41629170374857 37.79389208326008)
2020-09-01T00:00:00.000,Fraud,Nob Hill,1,POINT (-122.41446685791016 37.7932243347168)
2020-09-01T00:00:00.000,Fraud,Nob Hill,1,POINT (-122.41447007514857 37.793223145237825)
2020-09-01T00:00:00.000,Fraud,Nob Hill,2,POINT (-122.41226959228516 37.790672302246094)
2020-09-01T00:00:00.000,Fraud,Nob Hill,1,POINT (-122.41372680664062 37.789527893066406)
2020-09-01T00:00:00.000,Fraud,Nob Hill,2,POINT (-122.41043090820312 37.78995132446289)
2020-09-01T00:00:00.000,Fraud,Nob Hill,1,POINT (-122.40859504581255 37.78922561367261)
2020-09-01T00:00:00.000,Fraud,Nob Hill,1,POINT (-122.40878295898438 37.7901611328125)
2020-09-01T00:00:00.000,Fraud,Nob Hill,2,POINT (-122.4151840209961 37.788387298583984)
2020-09-01T00:00:00.000,Fraud,Nob Hill,1,POINT (-122.41682715547994 37.78817788964108)
2020-09-01T00:00:00.000,Fraud,Noe Valley,1,POINT (-122.43354797363281 37.74568557739258)
2020-09-01T00:00:00.000,Fraud,Noe Valley,1,POINT (-122.42438486441209 37.74383821533797)
2020-09-01T00:00:00.000,Fraud,Noe Valley,1,POINT (-122.44224548339844 37.746883392333984)
2020-09-01T00:00:00.000,Fraud,Noe Valley,1,POINT (-122.43408951592704 37.75130373142022)
2020-09-01T00:00:00.000,Fraud,Noe Valley,1,POINT (-122.42625074394692 37.75096238737853)
2020-09-01T00:00:00.000,Fraud,North Beach,1,POINT (-122.40802764892578 37.80286407470703)
2020-09-01T00:00:00.000,Fraud,North Beach,1,POINT (-122.40956115722656 37.802303314208984)
2020-09-01T00:00:00.000,Fraud,North Beach,2,POINT (-122.4095613095457 37.80230247629287)
2020-09-01T00:00:00.000,Fraud,Oceanview/Merced/Ingleside,1,POINT (-122.4661636352539 37.7106819152832)
2020-09-01T00:00:00.000,Fraud,Oceanview/Merced/Ingleside,1,POINT (-122.46206325855056 37.71137272836027)
2020-09-01T00:00:00.000,Fraud,Oceanview/Merced/Ingleside,1,POINT (-122.46620178222656 37.71427917480469)
2020-09-01T00:00:00.000,Fraud,Oceanview/Merced/Ingleside,1,POINT (-122.46261596679688 37.71561813354492)
2020-09-01T00:00:00.000,Fraud,Oceanview/Merced/Ingleside,2,POINT (-122.45037841796875 37.71616744995117)
2020-09-01T00:00:00.000,Fraud,Oceanview/Merced/Ingleside,1,POINT (-122.45115539513982 37.71658322044297)
2020-09-01T00:00:00.000,Fraud,Oceanview/Merced/Ingleside,1,POINT (-122.45819091796875 37.72431564331055)
2020-09-01T00:00:00.000,Fraud,Oceanview/Merced/Ingleside,1,POINT (-122.45819139221014 37.724317534370066)
2020-09-01T00:00:00.000,Fraud,Oceanview/Merced/Ingleside,1,POINT (-122.45818328857422 37.721839904785156)
2020-09-01T00:00:00.000,Fraud,Oceanview/Merced/Ingleside,1,POINT (-122.45920421560415 37.721837490774405)
2020-09-01T00:00:00.000,Fraud,Oceanview/Merced/Ingleside,1,POINT (-122.4602244233328 37.72183468689616)
2020-09-01T00:00:00.000,Fraud,Outer Mission,1,POINT (-122.43949890136719 37.718467712402344)
2020-09-01T00:00:00.000,Fraud,Outer Mission,2,POINT (-122.43644714355469 37.72378921508789)
2020-09-01T00:00:00.000,Fraud,Outer Mission,1,POINT (-122.43599094660901 37.72671921895877)
2020-09-01T00:00:00.000,Fraud,Outer Mission,1,POINT (-122.44031524658203 37.72468185424805)
2020-09-01T00:00:00.000,Fraud,Outer Mission,1,POINT (-122.44031650296719 37.724681408184765)
2020-09-01T00:00:00.000,Fraud,Outer Mission,1,POINT (-122.44306945800781 37.7249870300293)
2020-09-01T00:00:00.000,Fraud,Outer Mission,1,POINT (-122.43835512254596 37.72364450167391)
2020-09-01T00:00:00.000,Fraud,Outer Mission,1,POINT (-122.4393500745512 37.722733432012106)
2020-09-01T00:00:00.000,Fraud,Outer Richmond,1,POINT (-122.49825286865234 37.773799896240234)
2020-09-01T00:00:00.000,Fraud,Outer Richmond,1,POINT (-122.49838256835938 37.775665283203125)
2020-09-01T00:00:00.000,Fraud,Outer Richmond,1,POINT (-122.48981475830078 37.776058197021484)
2020-09-01T00:00:00.000,Fraud,Outer Richmond,1,POINT (-122.4768295288086 37.7747802734375)
2020-09-01T00:00:00.000,Fraud,Outer Richmond,1,POINT (-122.47537231445312 37.78432083129883)
2020-09-01T00:00:00.000,Fraud,Outer Richmond,1,POINT (-122.47857883989529 37.78417398580619)
2020-09-01T00:00:00.000,Fraud,Outer Richmond,1,POINT (-122.50146484375 37.773651123046875)
2020-09-01T00:00:00.000,Fraud,Outer Richmond,1,POINT (-122.50668531560439 37.77154247818916)
2020-09-01T00:00:00.000,Fraud,Pacific Heights,1,POINT (-122.42542298086832 37.78899469838761)
2020-09-01T00:00:00.000,Fraud,Pacific Heights,1,POINT (-122.43282318115234 37.788055419921875)
2020-09-01T00:00:00.000,Fraud,Pacific Heights,1,POINT (-122.43492126464844 37.7858772277832)
2020-09-01T00:00:00.000,Fraud,Pacific Heights,1,POINT (-122.43455505371094 37.79247283935547)
2020-09-01T00:00:00.000,Fraud,Pacific Heights,1,POINT (-122.43144989013672 37.793766021728516)
2020-09-01T00:00:00.000,Fraud,Pacific Heights,2,POINT (-122.42469787597656 37.79372787475586)
2020-09-01T00:00:00.000,Fraud,Pacific Heights,1,POINT (-122.42469414488781 37.7937260211742)
2020-09-01T00:00:00.000,Fraud,Pacific Heights,1,POINT (-122.4243392944336 37.79196548461914)
2020-09-01T00:00:00.000,Fraud,Portola,1,POINT (-122.40969319628681 37.73304593107423)
2020-09-01T00:00:00.000,Fraud,Portola,1,POINT (-122.40850830078125 37.73155212402344)
2020-09-01T00:00:00.000,Fraud,Portola,1,POINT (-122.40854851232349 37.72900289661166)
2020-09-01T00:00:00.000,Fraud,Portola,2,POINT (-122.41392304981632 37.72964683680824)
2020-09-01T00:00:00.000,Fraud,Portola,1,POINT (-122.40655319099005 37.72419422572373)
2020-09-01T00:00:00.000,Fraud,Portola,2,POINT (-122.4007339477539 37.72040939331055)
2020-09-01T00:00:00.000,Fraud,Portola,1,POINT (-122.40073581863834 37.720408882369306)
2020-09-01T00:00:00.000,Fraud,Portola,2,POINT (-122.40508600127914 37.72591546037118)
2020-09-01T00:00:00.000,Fraud,Portola,2,POINT (-122.40470886230469 37.730316162109375)
2020-09-01T00:00:00.000,Fraud,Potrero Hill,1,POINT (-122.4014663696289 37.753292083740234)
2020-09-01T00:00:00.000,Fraud,Potrero Hill,1,POINT (-122.39288330078125 37.755096435546875)
2020-09-01T00:00:00.000,Fraud,Potrero Hill,1,POINT (-122.39288410139532 37.75509563783832)
2020-09-01T00:00:00.000,Fraud,Potrero Hill,2,POINT (-122.39651489257812 37.75231170654297)
2020-09-01T00:00:00.000,Fraud,Potrero Hill,1,POINT (-122.38924822480189 37.757883662734024)
2020-09-01T00:00:00.000,Fraud,Presidio,1,POINT (-122.45767211914062 37.80199432373047)
2020-09-01T00:00:00.000,Fraud,Presidio Heights,1,POINT (-122.44918958445487 37.79060810702477)
2020-09-01T00:00:00.000,Fraud,Presidio Heights,1,POINT (-122.44920922627817 37.78419630350111)
2020-09-01T00:00:00.000,Fraud,Russian Hill,1,POINT (-122.41940307617188 37.79259490966797)
2020-09-01T00:00:00.000,Fraud,Russian Hill,1,POINT (-122.41940178531726 37.79259308227565)
2020-09-01T00:00:00.000,Fraud,Russian Hill,1,POINT (-122.4217681680622 37.79594540193314)
2020-09-01T00:00:00.000,Fraud,Russian Hill,1,POINT (-122.42037200927734 37.805721282958984)
2020-09-01T00:00:00.000,Fraud,Russian Hill,1,POINT (-122.41853332519531 37.80500030517578)
2020-09-01T00:00:00.000,Fraud,Russian Hill,1,POINT (-122.41853063274806 37.804999042593565)
2020-09-01T00:00:00.000,Fraud,Russian Hill,1,POINT (-122.4206314086914 37.7986946105957)
2020-09-01T00:00:00.000,Fraud,Russian Hill,1,POINT (-122.42063320186513 37.7986930493189)
2020-09-01T00:00:00.000,Fraud,Russian Hill,1,POINT (-122.42346954345703 37.80435562133789)
2020-09-01T00:00:00.000,Fraud,Russian Hill,1,POINT (-122.42196091177799 37.79689974673389)
2020-09-01T00:00:00.000,Fraud,South of Market,1,POINT (-122.39753890763892 37.77913222249791)
2020-09-01T00:00:00.000,Fraud,South of Market,2,POINT (-122.40363311767578 37.77516174316406)
2020-09-01T00:00:00.000,Fraud,South of Market,2,POINT (-122.40363551943442 37.7751608100771)
2020-09-01T00:00:00.000,Fraud,South of Market,1,POINT (-122.40928340438033 37.77965775127483)
2020-09-01T00:00:00.000,Fraud,South of Market,1,POINT (-122.40715789794922 37.77973937988281)
2020-09-01T00:00:00.000,Fraud,South of Market,1,POINT (-122.4099349975586 37.77841567993164)
2020-09-01T00:00:00.000,Fraud,South of Market,1,POINT (-122.41093444824219 37.779212951660156)
2020-09-01T00:00:00.000,Fraud,South of Market,1,POINT (-122.41315460205078 37.77745819091797)
2020-09-01T00:00:00.000,Fraud,South of Market,1,POINT (-122.4131576926893 37.77745741894575)
2020-09-01T00:00:00.000,Fraud,South of Market,1,POINT (-122.41189720901338 37.77207267883614)
2020-09-01T00:00:00.000,Fraud,South of Market,1,POINT (-122.40806579589844 37.783992767333984)
2020-09-01T00:00:00.000,Fraud,South of Market,1,POINT (-122.4067111664031 37.781680265811794)
2020-09-01T00:00:00.000,Fraud,South of Market,1,POINT (-122.40284729003906 37.78154754638672)
2020-09-01T00:00:00.000,Fraud,Sunset/Parkside,1,POINT (-122.49246978759766 37.73706817626953)
2020-09-01T00:00:00.000,Fraud,Sunset/Parkside,1,POINT (-122.49247090715552 37.737069038785755)
2020-09-01T00:00:00.000,Fraud,Sunset/Parkside,3,POINT (-122.48177007604417 37.73778066877769)
2020-09-01T00:00:00.000,Fraud,Sunset/Parkside,1,POINT (-122.4811782836914 37.74468231201172)
2020-09-01T00:00:00.000,Fraud,Sunset/Parkside,1,POINT (-122.48118121642418 37.744681182378415)
2020-09-01T00:00:00.000,Fraud,Sunset/Parkside,1,POINT (-122.47809600830078 37.74668502807617)
2020-09-01T00:00:00.000,Fraud,Sunset/Parkside,1,POINT (-122.4867935180664 37.748172760009766)
2020-09-01T00:00:00.000,Fraud,Sunset/Parkside,1,POINT (-122.48679319074627 37.748172701542394)
2020-09-01T00:00:00.000,Fraud,Sunset/Parkside,1,POINT (-122.48975033880433 37.744304285015204)
2020-09-01T00:00:00.000,Fraud,Sunset/Parkside,1,POINT (-122.49683494385964 37.75334281803959)
2020-09-01T00:00:00.000,Fraud,Sunset/Parkside,1,POINT (-122.48814392089844 37.751853942871094)
2020-09-01T00:00:00.000,Fraud,Sunset/Parkside,1,POINT (-122.48814319182554 37.75185404136557)
2020-09-01T00:00:00.000,Fraud,Sunset/Parkside,1,POINT (-122.47981719701436 37.75596633789481)
2020-09-01T00:00:00.000,Fraud,Sunset/Parkside,1,POINT (-122.4844970703125 37.76137161254883)
2020-09-01T00:00:00.000,Fraud,Sunset/Parkside,2,POINT (-122.48985330976524 37.761134038275884)
2020-09-01T00:00:00.000,Fraud,Sunset/Parkside,1,POINT (-122.49975965421714 37.76444971046123)
2020-09-01T00:00:00.000,Fraud,Sunset/Parkside,1,POINT (-122.50940219269224 37.76403273428497)
2020-09-01T00:00:00.000,Fraud,Sunset/Parkside,1,POINT (-122.50592803955078 37.76042556762695)
2020-09-01T00:00:00.000,Fraud,Sunset/Parkside,1,POINT (-122.50699920919232 37.760377065041865)
2020-09-01T00:00:00.000,Fraud,Sunset/Parkside,1,POINT (-122.5023193359375 37.75495147705078)
2020-09-01T00:00:00.000,Fraud,Sunset/Parkside,1,POINT (-122.50124924366183 37.755002792339724)
2020-09-01T00:00:00.000,Fraud,Sunset/Parkside,1,POINT (-122.50111792241118 37.7531536505439)
2020-09-01T00:00:00.000,Fraud,Tenderloin,1,POINT (-122.4119873046875 37.78095245361328)
2020-09-01T00:00:00.000,Fraud,Tenderloin,1,POINT (-122.41169993118794 37.78117721773047)
2020-09-01T00:00:00.000,Fraud,Tenderloin,1,POINT (-122.42025546027398 37.780576217006235)
2020-09-01T00:00:00.000,Fraud,Tenderloin,2,POINT (-122.40894317626953 37.78629684448242)
2020-09-01T00:00:00.000,Fraud,Tenderloin,1,POINT (-122.41316223144531 37.78672790527344)
2020-09-01T00:00:00.000,Fraud,Tenderloin,1,POINT (-122.41499542426826 37.787453843203366)
2020-09-01T00:00:00.000,Fraud,Tenderloin,2,POINT (-122.41424157409635 37.78372378203807)
2020-09-01T00:00:00.000,Fraud,Tenderloin,1,POINT (-122.41899108886719 37.782169342041016)
2020-09-01T00:00:00.000,Fraud,Tenderloin,1,POINT (-122.41880798339844 37.78123474121094)
2020-09-01T00:00:00.000,Fraud,Tenderloin,1,POINT (-122.41259765625 37.783931732177734)
2020-09-01T00:00:00.000,Fraud,Tenderloin,3,POINT (-122.41259527758581 37.7839325760642)
2020-09-01T00:00:00.000,Fraud,Tenderloin,2,POINT (-122.41278076171875 37.78486633300781)
2020-09-01T00:00:00.000,Fraud,Tenderloin,3,POINT (-122.40930938720703 37.78434753417969)
2020-09-01T00:00:00.000,Fraud,Tenderloin,1,POINT (-122.40769958496094 37.784698486328125)
2020-09-01T00:00:00.000,Fraud,Treasure Island,1,POINT (-122.37559509277344 37.82452392578125)
2020-09-01T00:00:00.000,Fraud,Treasure Island,1,POINT (-122.3712458991155 37.817823897791946)
2020-09-01T00:00:00.000,Fraud,Twin Peaks,1,POINT (-122.4436163000798 37.749776947103335)
2020-09-01T00:00:00.000,Fraud,Twin Peaks,1,POINT (-122.45256805419922 37.753543853759766)
2020-09-01T00:00:00.000,Fraud,Visitacion Valley,1,POINT (-122.40618512880987 37.71095726523456)
2020-09-01T00:00:00.000,Fraud,Visitacion Valley,1,POINT (-122.41876220703125 37.71193313598633)
2020-09-01T00:00:00.000,Fraud,Visitacion Valley,1,POINT (-122.41876599574823 37.71193343102876)
2020-09-01T00:00:00.000,Fraud,Visitacion Valley,1,POINT (-122.4134388571503 37.71298621845964)
2020-09-01T00:00:00.000,Fraud,Visitacion Valley,1,POINT (-122.41389269375372 37.71431505416379)
2020-09-01T00:00:00.000,Fraud,Visitacion Valley,4,POINT (-122.40705644505299 37.7132256827461)
2020-09-01T00:00:00.000,Fraud,Visitacion Valley,1,POINT (-122.4083340612334 37.712813608239856)
2020-09-01T00:00:00.000,Fraud,Visitacion Valley,1,POINT (-122.40958404541016 37.71010971069336)
2020-09-01T00:00:00.000,Fraud,Visitacion Valley,1,POINT (-122.41680908203125 37.709232330322266)
2020-09-01T00:00:00.000,Fraud,Western Addition,1,POINT (-122.43650817871094 37.777069091796875)
2020-09-01T00:00:00.000,Fraud,Western Addition,2,POINT (-122.43214416503906 37.780494689941406)
2020-09-01T00:00:00.000,Fraud,Western Addition,2,POINT (-122.43214039079034 37.78049625961115)
2020-09-01T00:00:00.000,Fraud,Western Addition,1,POINT (-122.43359593942569 37.77935458486337)
2020-09-01T00:00:00.000,Fraud,Western Addition,1,POINT (-122.43176322156377 37.77863203682374)
2020-09-01T00:00:00.000,Fraud,Western Addition,1,POINT (-122.43080139160156 37.782569885253906)
2020-09-01T00:00:00.000,Fraud,Western Addition,1,POINT (-122.43079788213421 37.782569887796356)
2020-09-01T00:00:00.000,Fraud,Western Addition,1,POINT (-122.42359407328958 37.78827973195545)
2020-09-01T00:00:00.000,Fraud,West of Twin Peaks,1,POINT (-122.4518643164194 37.736715997276015)
2020-09-01T00:00:00.000,Fraud,West of Twin Peaks,1,POINT (-122.4472885131836 37.73154830932617)
2020-09-01T00:00:00.000,Fraud,West of Twin Peaks,1,POINT (-122.4687271118164 37.72362518310547)
2020-09-01T00:00:00.000,Fraud,West of Twin Peaks,1,POINT (-122.46668793135505 37.723387583340056)
2020-09-01T00:00:00.000,Fraud,West of Twin Peaks,1,POINT (-122.4646342264355 37.72314267902583)
2020-09-01T00:00:00.000,Fraud,West of Twin Peaks,2,POINT (-122.47167358749228 37.72163120424104)
2020-09-01T00:00:00.000,Fraud,West of Twin Peaks,1,POINT (-122.47342299404912 37.74128306462454)
2020-09-01T00:00:00.000,Fraud,West of Twin Peaks,1,POINT (-122.47036743164062 37.74515914916992)
2020-09-01T00:00:00.000,Fraud,West of Twin Peaks,1,POINT (-122.47036530108029 37.74515899338193)
2020-09-01T00:00:00.000,Fraud,West of Twin Peaks,1,POINT (-122.47488730434056 37.74682681802116)
2020-09-01T00:00:00.000,Fraud,West of Twin Peaks,2,POINT (-122.4620684887434 37.750273703674814)
2020-09-01T00:00:00.000,Fraud,,2,POINT (-122.42008209228516 37.70831298828125)
2020-09-01T00:00:00.000,Fraud,,1,
2020-10-01T00:00:00.000,Fraud,Bayview Hunters Point,1,POINT (-122.3742173348257 37.73017667638445)
2020-10-01T00:00:00.000,Fraud,Bayview Hunters Point,1,POINT (-122.40422603817208 37.71040921604217)
2020-10-01T00:00:00.000,Fraud,Bayview Hunters Point,1,POINT (-122.38626861572266 37.71717834472656)
2020-10-01T00:00:00.000,Fraud,Bayview Hunters Point,1,POINT (-122.3948236264121 37.71102502407355)
2020-10-01T00:00:00.000,Fraud,Bayview Hunters Point,1,POINT (-122.39921440825759 37.723242389653805)
2020-10-01T00:00:00.000,Fraud,Bayview Hunters Point,1,POINT (-122.39492615340515 37.72397256285749)
2020-10-01T00:00:00.000,Fraud,Bayview Hunters Point,1,POINT (-122.3907470703125 37.72159957885742)
2020-10-01T00:00:00.000,Fraud,Bayview Hunters Point,2,POINT (-122.39054746381517 37.72809908084767)
2020-10-01T00:00:00.000,Fraud,Bayview Hunters Point,1,POINT (-122.38885498046875 37.72998046875)
2020-10-01T00:00:00.000,Fraud,Bayview Hunters Point,1,POINT (-122.38399374989274 37.72911170187253)
2020-10-01T00:00:00.000,Fraud,Bayview Hunters Point,1,POINT (-122.3813991223975 37.72948884585572)
2020-10-01T00:00:00.000,Fraud,Bayview Hunters Point,1,POINT (-122.3857554857088 37.73398838449738)
2020-10-01T00:00:00.000,Fraud,Bayview Hunters Point,2,POINT (-122.38449506804169 37.732352152293835)
2020-10-01T00:00:00.000,Fraud,Bayview Hunters Point,1,POINT (-122.39124298095703 37.73322296142578)
2020-10-01T00:00:00.000,Fraud,Bayview Hunters Point,1,POINT (-122.39235792031779 37.73248790601911)
2020-10-01T00:00:00.000,Fraud,Bayview Hunters Point,2,POINT (-122.39128975818817 37.730411351369746)
2020-10-01T00:00:00.000,Fraud,Bayview Hunters Point,2,POINT (-122.39908599853516 37.72727584838867)
2020-10-01T00:00:00.000,Fraud,Bayview Hunters Point,1,POINT (-122.39990997314453 37.735286712646484)
2020-10-01T00:00:00.000,Fraud,Bayview Hunters Point,1,POINT (-122.40564673809936 37.73832136115452)
2020-10-01T00:00:00.000,Fraud,Bayview Hunters Point,1,POINT (-122.395231226933 37.73548440873392)
2020-10-01T00:00:00.000,Fraud,Bayview Hunters Point,1,POINT (-122.39164733886719 37.73628616333008)
2020-10-01T00:00:00.000,Fraud,Bayview Hunters Point,1,POINT (-122.39164756892751 37.73628803879937)
2020-10-01T00:00:00.000,Fraud,Bayview Hunters Point,1,POINT (-122.3905211016664 37.73754172390097)
2020-10-01T00:00:00.000,Fraud,Bayview Hunters Point,1,POINT (-122.38809204101562 37.73710632324219)
2020-10-01T00:00:00.000,Fraud,Bayview Hunters Point,1,POINT (-122.38809082672331 37.73710637580877)
2020-10-01T00:00:00.000,Fraud,Bayview Hunters Point,1,POINT (-122.3834228515625 37.735801696777344)
2020-10-01T00:00:00.000,Fraud,Bayview Hunters Point,1,POINT (-122.38179490192714 37.737769711792836)
2020-10-01T00:00:00.000,Fraud,Bayview Hunters Point,1,POINT (-122.38790130615234 37.74361038208008)
2020-10-01T00:00:00.000,Fraud,Bayview Hunters Point,1,POINT (-122.39704283791049 37.74597422469076)
2020-10-01T00:00:00.000,Fraud,Bernal Heights,2,POINT (-122.41988576485541 37.74559509558596)
2020-10-01T00:00:00.000,Fraud,Bernal Heights,1,POINT (-122.4200210571289 37.74538803100586)
2020-10-01T00:00:00.000,Fraud,Bernal Heights,1,POINT (-122.41244733280233 37.734669531072996)
2020-10-01T00:00:00.000,Fraud,Bernal Heights,1,POINT (-122.41799007299537 37.737804948866554)
2020-10-01T00:00:00.000,Fraud,Bernal Heights,1,POINT (-122.41663360595703 37.737037658691406)
2020-10-01T00:00:00.000,Fraud,Bernal Heights,1,POINT (-122.4228515625 37.738399505615234)
2020-10-01T00:00:00.000,Fraud,Bernal Heights,1,POINT (-122.42740101460274 37.73450732643151)
2020-10-01T00:00:00.000,Fraud,Bernal Heights,1,POINT (-122.4219741821289 37.743980407714844)
2020-10-01T00:00:00.000,Fraud,Castro/Upper Market,1,POINT (-122.44093003580124 37.760527934322106)
2020-10-01T00:00:00.000,Fraud,Castro/Upper Market,1,POINT (-122.4437386952967 37.76085804477783)
2020-10-01T00:00:00.000,Fraud,Castro/Upper Market,1,POINT (-122.43485368203896 37.75928916994242)
2020-10-01T00:00:00.000,Fraud,Castro/Upper Market,1,POINT (-122.4305735690657 37.76115547557552)
2020-10-01T00:00:00.000,Fraud,Castro/Upper Market,3,POINT (-122.43066230469151 37.76208087989185)
2020-10-01T00:00:00.000,Fraud,Castro/Upper Market,1,POINT (-122.43064880371094 37.76195526123047)
2020-10-01T00:00:00.000,Fraud,Castro/Upper Market,1,POINT (-122.42610168457031 37.762630462646484)
2020-10-01T00:00:00.000,Fraud,Castro/Upper Market,1,POINT (-122.42770449544895 37.76564283029964)
2020-10-01T00:00:00.000,Fraud,Castro/Upper Market,1,POINT (-122.42894856756236 37.76750445867602)
2020-10-01T00:00:00.000,Fraud,Castro/Upper Market,1,POINT (-122.43325805664062 37.76586151123047)
2020-10-01T00:00:00.000,Fraud,Castro/Upper Market,1,POINT (-122.4332554737022 37.76586162673693)
2020-10-01T00:00:00.000,Fraud,Castro/Upper Market,1,POINT (-122.43229675292969 37.76752853393555)
2020-10-01T00:00:00.000,Fraud,Castro/Upper Market,1,POINT (-122.43341064453125 37.767459869384766)
2020-10-01T00:00:00.000,Fraud,Castro/Upper Market,1,POINT (-122.43340825880185 37.76746158246703)
2020-10-01T00:00:00.000,Fraud,Chinatown,1,POINT (-122.40807910223747 37.794940685499824)
2020-10-01T00:00:00.000,Fraud,Chinatown,1,POINT (-122.40647555268292 37.79514446373132)
2020-10-01T00:00:00.000,Fraud,Chinatown,2,POINT (-122.40487670898438 37.79486083984375)
2020-10-01T00:00:00.000,Fraud,Chinatown,1,POINT (-122.40487561154785 37.794859532228344)
2020-10-01T00:00:00.000,Fraud,Chinatown,3,POINT (-122.41265966230932 37.80096505555198)
2020-10-01T00:00:00.000,Fraud,Chinatown,1,POINT (-122.40794372558594 37.79868698120117)
2020-10-01T00:00:00.000,Fraud,Chinatown,1,POINT (-122.40988159179688 37.79844284057617)
2020-10-01T00:00:00.000,Fraud,Excelsior,1,POINT (-122.44168853759766 37.715572357177734)
2020-10-01T00:00:00.000,Fraud,Excelsior,1,POINT (-122.44409709906594 37.711689442375175)
2020-10-01T00:00:00.000,Fraud,Excelsior,2,POINT (-122.4291713622255 37.71776171883061)
2020-10-01T00:00:00.000,Fraud,Excelsior,2,POINT (-122.43280597836706 37.72161876976169)
2020-10-01T00:00:00.000,Fraud,Excelsior,1,POINT (-122.43002319335938 37.72239685058594)
2020-10-01T00:00:00.000,Fraud,Excelsior,1,POINT (-122.4300261514751 37.722397870557415)
2020-10-01T00:00:00.000,Fraud,Excelsior,1,POINT (-122.43318514434972 37.71968063621634)
2020-10-01T00:00:00.000,Fraud,Excelsior,1,POINT (-122.42880461281841 37.71971158999404)
2020-10-01T00:00:00.000,Fraud,Excelsior,1,POINT (-122.42883652782936 37.72395457176283)
2020-10-01T00:00:00.000,Fraud,Excelsior,1,POINT (-122.43096518753356 37.7269256785554)
2020-10-01T00:00:00.000,Fraud,Excelsior,1,POINT (-122.42250004196389 37.73077258556439)
2020-10-01T00:00:00.000,Fraud,Excelsior,1,POINT (-122.426084311173 37.73013562652082)
2020-10-01T00:00:00.000,Fraud,Excelsior,1,POINT (-122.42573281007539 37.72670832179164)
2020-10-01T00:00:00.000,Fraud,Excelsior,1,POINT (-122.41988372802734 37.72737121582031)
2020-10-01T00:00:00.000,Fraud,Financial District/South Beach,1,POINT (-122.39221065777403 37.779277452518656)
2020-10-01T00:00:00.000,Fraud,Financial District/South Beach,1,POINT (-122.40371175457705 37.78404443715923)
2020-10-01T00:00:00.000,Fraud,Financial District/South Beach,1,POINT (-122.39564514160156 37.786380767822266)
2020-10-01T00:00:00.000,Fraud,Financial District/South Beach,1,POINT (-122.39564546789741 37.78637893587979)
2020-10-01T00:00:00.000,Fraud,Financial District/South Beach,1,POINT (-122.39360046386719 37.78799819946289)
2020-10-01T00:00:00.000,Fraud,Financial District/South Beach,2,POINT (-122.39344787597656 37.78647232055664)
2020-10-01T00:00:00.000,Fraud,Financial District/South Beach,1,POINT (-122.39344473448949 37.786472337124636)
2020-10-01T00:00:00.000,Fraud,Financial District/South Beach,1,POINT (-122.39031948501302 37.78813450138674)
2020-10-01T00:00:00.000,Fraud,Financial District/South Beach,1,POINT (-122.39326477050781 37.79423141479492)
2020-10-01T00:00:00.000,Fraud,Financial District/South Beach,1,POINT (-122.39515093292349 37.78923469828019)
2020-10-01T00:00:00.000,Fraud,Financial District/South Beach,1,POINT (-122.39888041931147 37.79384367995605)
2020-10-01T00:00:00.000,Fraud,Financial District/South Beach,2,POINT (-122.40335083007812 37.80403137207031)
2020-10-01T00:00:00.000,Fraud,Glen Park,1,POINT (-122.42891141803587 37.74195291001208)
2020-10-01T00:00:00.000,Fraud,Glen Park,1,POINT (-122.42897710882517 37.7363880345204)
2020-10-01T00:00:00.000,Fraud,Glen Park,1,POINT (-122.43134892201546 37.736617892938185)
2020-10-01T00:00:00.000,Fraud,Glen Park,1,POINT (-122.43668365478516 37.73875045776367)
2020-10-01T00:00:00.000,Fraud,Glen Park,1,POINT (-122.43952083149101 37.740356936579225)
2020-10-01T00:00:00.000,Fraud,Golden Gate Park,1,POINT (-122.4729232788086 37.76564025878906)
2020-10-01T00:00:00.000,Fraud,Haight Ashbury,1,POINT (-122.44218444824219 37.77157211303711)
2020-10-01T00:00:00.000,Fraud,Haight Ashbury,1,POINT (-122.44218788158265 37.77157103671907)
2020-10-01T00:00:00.000,Fraud,Haight Ashbury,1,POINT (-122.45205522168708 37.77031275155392)
2020-10-01T00:00:00.000,Fraud,Haight Ashbury,1,POINT (-122.44592200604475 37.76917927368821)
2020-10-01T00:00:00.000,Fraud,Haight Ashbury,1,POINT (-122.43199824960068 37.7714305268816)
2020-10-01T00:00:00.000,Fraud,Haight Ashbury,1,POINT (-122.43209075927734 37.77189636230469)
2020-10-01T00:00:00.000,Fraud,Hayes Valley,1,POINT (-122.42551205721274 37.772734311063964)
2020-10-01T00:00:00.000,Fraud,Hayes Valley,1,POINT (-122.42913055419922 37.76945495605469)
2020-10-01T00:00:00.000,Fraud,Hayes Valley,3,POINT (-122.43429565429688 37.77447509765625)
2020-10-01T00:00:00.000,Fraud,Hayes Valley,1,POINT (-122.42240711807445 37.77408497416307)
2020-10-01T00:00:00.000,Fraud,Hayes Valley,1,POINT (-122.42490392101433 37.778071866184376)
2020-10-01T00:00:00.000,Fraud,Inner Richmond,2,POINT (-122.46735382080078 37.77894592285156)
2020-10-01T00:00:00.000,Fraud,Inner Richmond,1,POINT (-122.46535287180907 37.78096549033097)
2020-10-01T00:00:00.000,Fraud,Inner Richmond,1,POINT (-122.46414184570312 37.779090881347656)
2020-10-01T00:00:00.000,Fraud,Inner Sunset,1,POINT (-122.45881652832031 37.764366149902344)
2020-10-01T00:00:00.000,Fraud,Inner Sunset,1,POINT (-122.45881506892961 37.764365858585364)
2020-10-01T00:00:00.000,Fraud,Japantown,1,POINT (-122.42485842366148 37.78619642719614)
2020-10-01T00:00:00.000,Fraud,Japantown,1,POINT (-122.43308339913544 37.78515093922473)
2020-10-01T00:00:00.000,Fraud,Lakeshore,2,POINT (-122.4983570184546 37.71369412498646)
2020-10-01T00:00:00.000,Fraud,Lakeshore,1,POINT (-122.4853835022105 37.71131866650348)
2020-10-01T00:00:00.000,Fraud,Lakeshore,1,POINT (-122.48423767089844 37.71129608154297)
2020-10-01T00:00:00.000,Fraud,Lakeshore,1,POINT (-122.48320524753717 37.71758458829447)
2020-10-01T00:00:00.000,Fraud,Lakeshore,1,POINT (-122.47843170166016 37.715911865234375)
2020-10-01T00:00:00.000,Fraud,Lakeshore,1,POINT (-122.47313961779678 37.71367198578531)
2020-10-01T00:00:00.000,Fraud,Lone Mountain/USF,1,POINT (-122.44477844238281 37.77601623535156)
2020-10-01T00:00:00.000,Fraud,Lone Mountain/USF,1,POINT (-122.45097375506295 37.77331564418484)
2020-10-01T00:00:00.000,Fraud,Lone Mountain/USF,1,POINT (-122.4458236694336 37.78248977661133)
2020-10-01T00:00:00.000,Fraud,Marina,1,POINT (-122.4296646118164 37.80165481567383)
2020-10-01T00:00:00.000,Fraud,Marina,1,POINT (-122.42966684643908 37.80165391431781)
2020-10-01T00:00:00.000,Fraud,Marina,1,POINT (-122.42745729650008 37.799066683554315)
2020-10-01T00:00:00.000,Fraud,Marina,1,POINT (-122.43403570059589 37.79823006952281)
2020-10-01T00:00:00.000,Fraud,Marina,1,POINT (-122.43167877197266 37.80326843261719)
2020-10-01T00:00:00.000,Fraud,Marina,1,POINT (-122.43516916430092 37.80382305003968)
2020-10-01T00:00:00.000,Fraud,Marina,1,POINT (-122.44660949707031 37.801788330078125)
2020-10-01T00:00:00.000,Fraud,Marina,2,POINT (-122.43950417286405 37.80040342900427)
2020-10-01T00:00:00.000,Fraud,McLaren Park,1,POINT (-122.41167449951172 37.718753814697266)
2020-10-01T00:00:00.000,Fraud,Mission,1,POINT (-122.41917419433594 37.7481803894043)
2020-10-01T00:00:00.000,Fraud,Mission,1,POINT (-122.42248736491135 37.74801344882507)
2020-10-01T00:00:00.000,Fraud,Mission,2,POINT (-122.42336725813213 37.75757006215989)
2020-10-01T00:00:00.000,Fraud,Mission,1,POINT (-122.42295837402344 37.76161575317383)
2020-10-01T00:00:00.000,Fraud,Mission,1,POINT (-122.41796470626194 37.758698271638025)
2020-10-01T00:00:00.000,Fraud,Mission,1,POINT (-122.41048431396484 37.76560592651367)
2020-10-01T00:00:00.000,Fraud,Mission,1,POINT (-122.40794372558594 37.75930404663086)
2020-10-01T00:00:00.000,Fraud,Mission,1,POINT (-122.40794002618608 37.759305173456276)
2020-10-01T00:00:00.000,Fraud,Mission,1,POINT (-122.4074478149414 37.7545051574707)
2020-10-01T00:00:00.000,Fraud,Mission,1,POINT (-122.41204726702512 37.75423033022031)
2020-10-01T00:00:00.000,Fraud,Mission,1,POINT (-122.41313934326172 37.75416564941406)
2020-10-01T00:00:00.000,Fraud,Mission,1,POINT (-122.42001109885577 37.7569686010414)
2020-10-01T00:00:00.000,Fraud,Mission,1,POINT (-122.41874757531652 37.75543693568604)
2020-10-01T00:00:00.000,Fraud,Mission,1,POINT (-122.40729118425897 37.75290661105615)
2020-10-01T00:00:00.000,Fraud,Mission,1,POINT (-122.41073071858334 37.76817786907554)
2020-10-01T00:00:00.000,Fraud,Mission,1,POINT (-122.4198226928711 37.76667404174805)
2020-10-01T00:00:00.000,Fraud,Mission,1,POINT (-122.41982523539403 37.76667360056878)
2020-10-01T00:00:00.000,Fraud,Mission,1,POINT (-122.41840273790356 37.766759512491646)
2020-10-01T00:00:00.000,Fraud,Mission,1,POINT (-122.42441169103962 37.76800642408289)
2020-10-01T00:00:00.000,Fraud,Mission,1,POINT (-122.42204381448558 37.76653957529556)
2020-10-01T00:00:00.000,Fraud,Mission Bay,1,POINT (-122.39119934924325 37.77100919089478)
2020-10-01T00:00:00.000,Fraud,Mission Bay,7,POINT (-122.38971710205078 37.77293014526367)
2020-10-01T00:00:00.000,Fraud,Mission Bay,1,POINT (-122.38986206054688 37.77455139160156)
2020-10-01T00:00:00.000,Fraud,Mission Bay,1,POINT (-122.38975524902344 37.781219482421875)
2020-10-01T00:00:00.000,Fraud,Mission Bay,1,POINT (-122.39143371582031 37.773468017578125)
2020-10-01T00:00:00.000,Fraud,Mission Bay,7,POINT (-122.39143433652146 37.773466920607476)
2020-10-01T00:00:00.000,Fraud,Mission Bay,1,POINT (-122.3979721069336 37.77593994140625)
2020-10-01T00:00:00.000,Fraud,Nob Hill,1,POINT (-122.42194037566323 37.788968773950536)
2020-10-01T00:00:00.000,Fraud,Nob Hill,1,POINT (-122.42269134521484 37.79217529296875)
2020-10-01T00:00:00.000,Fraud,Nob Hill,1,POINT (-122.42251586914062 37.791290283203125)
2020-10-01T00:00:00.000,Fraud,Nob Hill,1,POINT (-122.4225149453702 37.79128889031163)
2020-10-01T00:00:00.000,Fraud,Nob Hill,2,POINT (-122.41903686523438 37.79078674316406)
2020-10-01T00:00:00.000,Fraud,Nob Hill,1,POINT (-122.4175822237796 37.79192286081067)
2020-10-01T00:00:00.000,Fraud,Nob Hill,1,POINT (-122.41282921659864 37.7934323938757)
2020-10-01T00:00:00.000,Fraud,Nob Hill,1,POINT (-122.41100311279297 37.792762756347656)
2020-10-01T00:00:00.000,Fraud,Nob Hill,1,POINT (-122.41226618818563 37.79067278294602)
2020-10-01T00:00:00.000,Fraud,Nob Hill,1,POINT (-122.4085922241211 37.78922653198242)
2020-10-01T00:00:00.000,Fraud,Nob Hill,1,POINT (-122.41024017333984 37.78901672363281)
2020-10-01T00:00:00.000,Fraud,Nob Hill,2,POINT (-122.41664123535156 37.78724670410156)
2020-10-01T00:00:00.000,Fraud,Nob Hill,1,POINT (-122.41682715547994 37.78817788964108)
2020-10-01T00:00:00.000,Fraud,Nob Hill,1,POINT (-122.41846466064453 37.787967681884766)
2020-10-01T00:00:00.000,Fraud,Nob Hill,1,POINT (-122.42176818847656 37.78705978393555)
2020-10-01T00:00:00.000,Fraud,Noe Valley,1,POINT (-122.4400863647461 37.7463493347168)
2020-10-01T00:00:00.000,Fraud,Noe Valley,1,POINT (-122.44337399049536 37.74589848915859)
2020-10-01T00:00:00.000,Fraud,Noe Valley,1,POINT (-122.43659981488003 37.75435870328819)
2020-10-01T00:00:00.000,Fraud,North Beach,1,POINT (-122.40361460561846 37.80114199733049)
2020-10-01T00:00:00.000,Fraud,North Beach,1,POINT (-122.40975189208984 37.80323791503906)
2020-10-01T00:00:00.000,Fraud,North Beach,1,POINT (-122.4095613095457 37.80230247629287)
2020-10-01T00:00:00.000,Fraud,North Beach,1,POINT (-122.40746137560912 37.80161146089911)
2020-10-01T00:00:00.000,Fraud,North Beach,1,POINT (-122.40679931640625 37.80073547363281)
2020-10-01T00:00:00.000,Fraud,,1,POINT (-122.42008306742426 37.708311265041836)
2020-10-01T00:00:00.000,Fraud,Oceanview/Merced/Ingleside,1,POINT (-122.4661986740752 37.714280072722936)
2020-10-01T00:00:00.000,Fraud,Oceanview/Merced/Ingleside,1,POINT (-122.46709432152416 37.71427318720753)
2020-10-01T00:00:00.000,Fraud,Oceanview/Merced/Ingleside,1,POINT (-122.46443986141327 37.71792410140692)
2020-10-01T00:00:00.000,Fraud,Oceanview/Merced/Ingleside,1,POINT (-122.45073699951172 37.718360900878906)
2020-10-01T00:00:00.000,Fraud,Oceanview/Merced/Ingleside,1,POINT (-122.45073700258953 37.718360305587325)
2020-10-01T00:00:00.000,Fraud,Oceanview/Merced/Ingleside,2,POINT (-122.45211920727972 37.72212434886518)
2020-10-01T00:00:00.000,Fraud,Oceanview/Merced/Ingleside,1,POINT (-122.45651245117188 37.72396469116211)
2020-10-01T00:00:00.000,Fraud,Oceanview/Merced/Ingleside,1,POINT (-122.46121215820312 37.72494888305664)
2020-10-01T00:00:00.000,Fraud,Outer Mission,1,POINT (-122.44812774658203 37.711116790771484)
2020-10-01T00:00:00.000,Fraud,Outer Mission,1,POINT (-122.43398235613705 37.725761789510194)
2020-10-01T00:00:00.000,Fraud,Outer Mission,1,POINT (-122.43748575412384 37.73025233783631)
2020-10-01T00:00:00.000,Fraud,Outer Mission,1,POINT (-122.43816375732422 37.726871490478516)
2020-10-01T00:00:00.000,Fraud,Outer Richmond,1,POINT (-122.49209594726562 37.77782440185547)
2020-10-01T00:00:00.000,Fraud,Outer Richmond,1,POINT (-122.49209488892724 37.777822690350504)
2020-10-01T00:00:00.000,Fraud,Outer Richmond,1,POINT (-122.4845962524414 37.778167724609375)
2020-10-01T00:00:00.000,Fraud,Outer Richmond,1,POINT (-122.47938297632868 37.78033468900229)
2020-10-01T00:00:00.000,Fraud,Outer Richmond,1,POINT (-122.47616577148438 37.78047561645508)
2020-10-01T00:00:00.000,Fraud,Outer Richmond,1,POINT (-122.48419189453125 37.77256774902344)
2020-10-01T00:00:00.000,Fraud,Outer Richmond,2,POINT (-122.47750854492188 37.78422164916992)
2020-10-01T00:00:00.000,Fraud,Outer Richmond,1,POINT (-122.50508957252873 37.7791598647458)
2020-10-01T00:00:00.000,Fraud,Outer Richmond,2,POINT (-122.50616479901107 37.779110952896396)
2020-10-01T00:00:00.000,Fraud,Outer Richmond,1,POINT (-122.50816055313074 37.77709259567638)
2020-10-01T00:00:00.000,Fraud,Outer Richmond,3,POINT (-122.51129150390625 37.77507781982422)
2020-10-01T00:00:00.000,Fraud,Outer Richmond,1,POINT (-122.51129492624534 37.77507596005672)
2020-10-01T00:00:00.000,Fraud,Pacific Heights,1,POINT (-122.42542266845703 37.78899383544922)
2020-10-01T00:00:00.000,Fraud,Pacific Heights,2,POINT (-122.43282318115234 37.788055419921875)
2020-10-01T00:00:00.000,Fraud,Pacific Heights,1,POINT (-122.43238830566406 37.790042877197266)
2020-10-01T00:00:00.000,Fraud,Pacific Heights,1,POINT (-122.42890167236328 37.78953552246094)
2020-10-01T00:00:00.000,Fraud,Portola,2,POINT (-122.40850830078125 37.73155212402344)
2020-10-01T00:00:00.000,Fraud,Portola,1,POINT (-122.4110107421875 37.727027893066406)
2020-10-01T00:00:00.000,Fraud,Portola,1,POINT (-122.40258460077015 37.71992277316633)
2020-10-01T00:00:00.000,Fraud,Portola,1,POINT (-122.4007339477539 37.72040939331055)
2020-10-01T00:00:00.000,Fraud,Portola,1,POINT (-122.40470886230469 37.730316162109375)
2020-10-01T00:00:00.000,Fraud,Potrero Hill,1,POINT (-122.40059661865234 37.75334548950195)
2020-10-01T00:00:00.000,Fraud,Potrero Hill,1,POINT (-122.4014663696289 37.753292083740234)
2020-10-01T00:00:00.000,Fraud,Potrero Hill,1,POINT (-122.38910675048828 37.75635528564453)
2020-10-01T00:00:00.000,Fraud,Potrero Hill,1,POINT (-122.39153761678801 37.76159405123934)
2020-10-01T00:00:00.000,Fraud,Presidio Heights,1,POINT (-122.44715118408203 37.78907012939453)
2020-10-01T00:00:00.000,Fraud,Presidio Heights,2,POINT (-122.44520849393979 37.78648090193675)
2020-10-01T00:00:00.000,Fraud,Presidio Heights,1,POINT (-122.45917876749871 37.785681690633936)
2020-10-01T00:00:00.000,Fraud,Presidio Heights,1,POINT (-122.45461780368998 37.78402998836555)
2020-10-01T00:00:00.000,Fraud,Presidio Heights,1,POINT (-122.45365142822266 37.784053802490234)
2020-10-01T00:00:00.000,Fraud,Russian Hill,2,POINT (-122.41940178531726 37.79259308227565)
2020-10-01T00:00:00.000,Fraud,Russian Hill,1,POINT (-122.41576385498047 37.799617767333984)
2020-10-01T00:00:00.000,Fraud,Russian Hill,1,POINT (-122.42346954345703 37.80435562133789)
2020-10-01T00:00:00.000,Fraud,Russian Hill,1,POINT (-122.42252349853516 37.7996940612793)
2020-10-01T00:00:00.000,Fraud,South of Market,1,POINT (-122.40542473566995 37.77129635185078)
2020-10-01T00:00:00.000,Fraud,South of Market,2,POINT (-122.40363311767578 37.77516174316406)
2020-10-01T00:00:00.000,Fraud,South of Market,1,POINT (-122.4099349975586 37.77841567993164)
2020-10-01T00:00:00.000,Fraud,South of Market,1,POINT (-122.40993824145319 37.77841628146485)
2020-10-01T00:00:00.000,Fraud,South of Market,1,POINT (-122.41093657493794 37.77921168445851)
2020-10-01T00:00:00.000,Fraud,South of Market,1,POINT (-122.4131576926893 37.77745741894575)
2020-10-01T00:00:00.000,Fraud,South of Market,1,POINT (-122.41471099853516 37.77622985839844)
2020-10-01T00:00:00.000,Fraud,South of Market,1,POINT (-122.41513061523438 37.7758903503418)
2020-10-01T00:00:00.000,Fraud,South of Market,1,POINT (-122.4165267944336 37.77576446533203)
2020-10-01T00:00:00.000,Fraud,South of Market,1,POINT (-122.40851593017578 37.77375793457031)
2020-10-01T00:00:00.000,Fraud,South of Market,1,POINT (-122.40699768066406 37.770050048828125)
2020-10-01T00:00:00.000,Fraud,South of Market,1,POINT (-122.40769958496094 37.78261184692383)
2020-10-01T00:00:00.000,Fraud,South of Market,1,POINT (-122.40493334783943 37.781499507548546)
2020-10-01T00:00:00.000,Fraud,South of Market,1,POINT (-122.40061307317757 37.781587665481965)
2020-10-01T00:00:00.000,Fraud,South of Market,1,POINT (-122.39980220366621 37.7814979983372)
2020-10-01T00:00:00.000,Fraud,South of Market,1,POINT (-122.39935302734375 37.782596588134766)
2020-10-01T00:00:00.000,Fraud,Sunset/Parkside,2,POINT (-122.5019302368164 37.7493782043457)
2020-10-01T00:00:00.000,Fraud,Sunset/Parkside,1,POINT (-122.5008544921875 37.74942398071289)
2020-10-01T00:00:00.000,Fraud,Sunset/Parkside,2,POINT (-122.50582122802734 37.743595123291016)
2020-10-01T00:00:00.000,Fraud,Sunset/Parkside,2,POINT (-122.50367736816406 37.743690490722656)
2020-10-01T00:00:00.000,Fraud,Sunset/Parkside,1,POINT (-122.50422775211247 37.73618212314209)
2020-10-01T00:00:00.000,Fraud,Sunset/Parkside,1,POINT (-122.50221252441406 37.73814392089844)
2020-10-01T00:00:00.000,Fraud,Sunset/Parkside,1,POINT (-122.5022153974092 37.73814479607892)
2020-10-01T00:00:00.000,Fraud,Sunset/Parkside,1,POINT (-122.48442077636719 37.731014251708984)
2020-10-01T00:00:00.000,Fraud,Sunset/Parkside,1,POINT (-122.48442333048268 37.73101302480007)
2020-10-01T00:00:00.000,Fraud,Sunset/Parkside,1,POINT (-122.4811782836914 37.74468231201172)
2020-10-01T00:00:00.000,Fraud,Sunset/Parkside,4,POINT (-122.48118121642418 37.744681182378415)
2020-10-01T00:00:00.000,Fraud,Sunset/Parkside,1,POINT (-122.47890479478312 37.742908636534644)
2020-10-01T00:00:00.000,Fraud,Sunset/Parkside,1,POINT (-122.48760653061768 37.744398634901046)
2020-10-01T00:00:00.000,Fraud,Sunset/Parkside,1,POINT (-122.49069213867188 37.74238967895508)
2020-10-01T00:00:00.000,Fraud,Sunset/Parkside,1,POINT (-122.49069204294844 37.742390249358785)
2020-10-01T00:00:00.000,Fraud,Sunset/Parkside,3,POINT (-122.4933582535052 37.749753046438144)
2020-10-01T00:00:00.000,Fraud,Sunset/Parkside,1,POINT (-122.49709088616231 37.75706973806818)
2020-10-01T00:00:00.000,Fraud,Sunset/Parkside,1,POINT (-122.49589538574219 37.755252838134766)
2020-10-01T00:00:00.000,Fraud,Sunset/Parkside,1,POINT (-122.48530578613281 37.75758743286133)
2020-10-01T00:00:00.000,Fraud,Sunset/Parkside,1,POINT (-122.47835384557051 37.75041569139884)
2020-10-01T00:00:00.000,Fraud,Sunset/Parkside,1,POINT (-122.47968723430108 37.754098620334375)
2020-10-01T00:00:00.000,Fraud,Sunset/Parkside,1,POINT (-122.47887420654297 37.75787353515625)
2020-10-01T00:00:00.000,Fraud,Sunset/Parkside,1,POINT (-122.47926330566406 37.763465881347656)
2020-10-01T00:00:00.000,Fraud,Sunset/Parkside,1,POINT (-122.48663989799049 37.76127562777479)
2020-10-01T00:00:00.000,Fraud,Sunset/Parkside,2,POINT (-122.5071301982847 37.76223759790458)
2020-10-01T00:00:00.000,Fraud,Sunset/Parkside,1,POINT (-122.50352357708768 37.75678746738453)
2020-10-01T00:00:00.000,Fraud,Sunset/Parkside,1,POINT (-122.5023193359375 37.75495147705078)
2020-10-01T00:00:00.000,Fraud,Sunset/Parkside,1,POINT (-122.50890350341797 37.75654983520508)
2020-10-01T00:00:00.000,Fraud,Sunset/Parkside,1,POINT (-122.50890254470625 37.75655122870687)
2020-10-01T00:00:00.000,Fraud,Tenderloin,1,POINT (-122.41367636179726 37.780926854425914)
2020-10-01T00:00:00.000,Fraud,Tenderloin,1,POINT (-122.41694641113281 37.78047180175781)
2020-10-01T00:00:00.000,Fraud,Tenderloin,1,POINT (-122.42025546027398 37.780576217006235)
2020-10-01T00:00:00.000,Fraud,Tenderloin,1,POINT (-122.41804316781624 37.77751171020645)
