,"Table 4. Total Annual Family Expenditure, by Per Capita Income Decile and by Region, Province and HUC: 2018, 2021 and 2023p",Unnamed: 1,Unnamed: 2,Unnamed: 3,Unnamed: 4,Unnamed: 5,Unnamed: 6,Unnamed: 7,Unnamed: 8,Unnamed: 9,Unnamed: 10,Unnamed: 11,Unnamed: 12,Unnamed: 13,Unnamed: 14,Unnamed: 15,Unnamed: 16,Unnamed: 17,Unnamed: 18,Unnamed: 19,Unnamed: 20,Unnamed: 21,Unnamed: 22,Unnamed: 23,Unnamed: 24,Unnamed: 25,Unnamed: 26,Unnamed: 27,Unnamed: 28,Unnamed: 29,Unnamed: 30,Unnamed: 31,Unnamed: 32,Unnamed: 33,Unnamed: 34,Unnamed: 35,Unnamed: 36,Unnamed: 37,Unnamed: 38,Unnamed: 39,Unnamed: 40,Unnamed: 41,Unnamed: 42,Unnamed: 43,Unnamed: 44,Unnamed: 45,Unnamed: 46,Unnamed: 47,Unnamed: 48,Unnamed: 49,Unnamed: 50,Unnamed: 51,Unnamed: 52,Unnamed: 53,Unnamed: 54,Unnamed: 55
0,Region/Province/HUC,2018,,,,,,,,,,,2021,,,,,,,,,,,2023p,,,,,,,,,,,Percent Change (2018 to 2021),,,,,,,,,,,Percent Change (2021 to 2023),,,,,,,,,,
1,,(In millions),,,,,,,,,,,(In millions),,,,,,,,,,,(In millions),,,,,,,,,,,(In percent),,,,,,,,,,,(In percent),,,,,,,,,,
2,,All Income Groups,1st Decile,2nd Decile,3rd Decile,4th Decile,5th Decile,6th Decile,7th Decile,8th Decile,9th Decile,10th Decile,All Income Groups,1st Decile,2nd Decile,3rd Decile,4th Decile,5th Decile,6th Decile,7th Decile,8th Decile,9th Decile,10th Decile,All Income Groups,1st Decile,2nd Decile,3rd Decile,4th Decile,5th Decile,6th Decile,7th Decile,8th Decile,9th Decile,10th Decile,All Income Groups,1st Decile,2nd Decile,3rd Decile,4th Decile,5th Decile,6th Decile,7th Decile,8th Decile,9th Decile,10th Decile,All Income Groups,1st Decile,2nd Decile,3rd Decile,4th Decile,5th Decile,6th Decile,7th Decile,8th Decile,9th Decile,10th Decile
3,,,,,,,,,,,,,,,,,,,,,,,,,,,,,,,,,,,,,,,,,,,,,,,,,,,,,,,,
4,PHILIPPINES,5908431.96,270140.91,322371.74,364296.86,417817.62,465871.28,534181.62,610866.07,704030.82,869636.33,1349218.71,6039624.91,274226.29,342820.34,387681.46,439945.64,486109.67,548872.89,622685.4,717329.9,868694.7,1351258.62,7091080.55,351316.48,425112.47,473974.45,537512.99,594012.36,658241.17,731552.58,835115.83,984734.32,1499507.91,2.22,1.51,6.34,6.42,5.3,4.34,2.75,1.93,1.89,-0.11,0.15,17.41,28.11,24,22.26,22.18,22.2,19.93,17.48,16.42,13.36,10.97
5,,,,,,,,,,,,,,,,,,,,,,,,,,,,,,,,,,,,,,,,,,,,,,,,,,,,,,,,
6,NATIONAL CAPITAL REGION,1223445.12,70313.29,81036.29,91286.24,97686.2,104484.46,111667,125210.09,136301.32,162070.04,243390.17,1129532.79,69033.67,79248.28,87289.86,93655.1,100982.14,104113.48,113469.68,126300.53,137000.29,218439.77,1399046.4,89421.78,103092.2,107945.38,114644.35,121942.71,130752.99,140742.58,149988.43,164920.51,275595.47,-7.68,-1.82,-2.21,-4.38,-4.13,-3.35,-6.76,-9.38,-7.34,-15.47,-10.25,23.86,29.53,30.09,23.66,22.41,20.76,25.59,24.04,18.76,20.38,26.17
7,NCR I,,,,,,,,,,,,,,,,,,,,,,,,,,,,,,,,,,,,,,,,,,,,,,,,,,,,,,,
8,City of Manila,169310.81,9787.64,12030.65,13923.27,15436.4,14771.39,16374.55,17842.25,18474.87,21715,28954.79,178971.64,12904.43,13804.33,14680.34,16165.7,16751.51,16892.77,18790.67,19684.6,21503.99,27793.3,199009.44,12569.31,15864.43,17140.61,17833.82,18039.98,18805.58,20910.15,23147.79,22633.52,32064.27,5.71,31.84,14.74,5.44,4.72,13.41,3.16,5.32,6.55,-0.97,-4.01,11.2,-2.6,14.92,16.76,10.32,7.69,11.32,11.28,17.59,5.25,15.37
9,NCR II,,,,,,,,,,,,,,,,,,,,,,,,,,,,,,,,,,,,,,,,,,,,,,,,,,,,,,,
10,City of Mandaluyong,55040.75,2783.25,3365.85,3554.3,4009.8,4144.95,4658.57,5165.76,5887.21,8306.45,13164.59,54174.29,4087.01,4125.06,4204.57,4666.06,4751.62,5116.97,5148.58,6202.17,6275.74,9596.49,71629.1,4707.09,5060.79,5784.33,5720.92,5789.89,6254.5,6728.69,8743.46,9248.34,13591.08,-1.57,46.84,22.56,18.3,16.37,14.64,9.84,-0.33,5.35,-24.45,-27.1,32.22,15.17,22.68,37.57,22.61,21.85,22.23,30.69,40.97,47.37,41.63
11,City of San Juan,13846.89,668.18,920.78,863.06,1024.57,1152.71,1140.53,1412.29,1365.46,1793.93,3505.38,13701.28,906.16,908.92,1162.71,1062.77,1334.14,1091.06,1480.7,1404.69,1778.08,2572.04,18721.17,906.13,1245.43,1296.77,1234.02,1376.01,1604.42,1936.38,1476.92,3436.55,4208.53,-1.05,35.62,-1.29,34.72,3.73,15.74,-4.34,4.84,2.87,-0.88,-26.63,36.64,0,37.02,11.53,16.11,3.14,47.05,30.78,5.14,93.27,63.63
12,Quezon City,277742.61,16706.39,18310.95,19206.52,21250.65,22391.35,24710.1,29012.26,32474.32,39399.95,54280.13,237498,14920.06,16060.42,18432.25,19139.34,21387.93,20416.46,23342.56,25924.8,27850.06,50024.11,293025.42,19371.59,21938.24,21091.71,23728.01,24992.82,25559.49,29669.74,32162.06,34476.22,60035.54,-14.49,-10.69,-12.29,-4.03,-9.94,-4.48,-17.38,-19.54,-20.17,-29.31,-7.84,23.38,29.84,36.6,14.43,23.98,16.85,25.19,27.11,24.06,23.79,20.01
13,City of Marikina,40114.3,2156.76,2499.97,2708.69,3031.77,3260.29,3560.04,3987.87,4687.82,5492.75,8728.33,39294.04,2079.94,2515.58,2964.43,3321.45,3202.88,3455.57,3915.54,4652.17,5282.23,7904.24,48959.8,2894.82,3235.36,3331.35,3840.12,4291.97,4328.63,5244.62,5699.45,6346.2,9747.28,-2.04,-3.56,0.62,9.44,9.55,-1.76,-2.93,-1.81,-0.76,-3.83,-9.44,24.6,39.18,28.61,12.38,15.62,34,25.27,33.94,22.51,20.14,23.32
14,City of Pasig,74488.2,4042.13,4901.36,5809.69,5978.31,6685.99,7198.57,7511.48,9214.03,9564.14,13582.5,67167.06,4361.16,4803.31,5333.85,5641.94,6056.65,6469.85,6467.34,7657.61,8005.71,12369.64,94232.81,5351.05,6110.24,7099.71,7393.26,8412.88,8900.71,9834.13,9676.67,11305.52,20148.63,-9.83,7.89,-2,-8.19,-5.63,-9.41,-10.12,-13.9,-16.89,-16.29,-8.93,40.3,22.7,27.21,33.11,31.04,38.9,37.57,52.06,26.37,41.22,62.89
15,NCR III,,,,,,,,,,,,,,,,,,,,,,,,,,,,,,,,,,,,,,,,,,,,,,,,,,,,,,,
16,City of Caloocan,111869.38,7027.57,8117.4,8413.88,10018,10348.72,10996.19,11508.01,13011.78,13982.58,18445.26,96263.86,6439.78,7031.19,7960.3,8439.8,8867.35,9346.46,10027.45,10823.89,12385.41,14942.23,116395.79,9247.55,9995.12,9730.01,10729.82,11384.06,11733.98,12457.29,12530.9,13213.08,15373.98,-13.95,-8.36,-13.38,-5.39,-15.75,-14.31,-15,-12.87,-16.81,-11.42,-18.99,20.91,43.6,42.15,22.23,27.13,28.38,25.54,24.23,15.77,6.68,2.89
17,City of Malabon,24460.68,1731.93,2006.37,2104.93,2264.14,2204.76,2358.22,2571.95,2977.66,2955.42,3285.3,22745.19,1512.94,1705.73,1788.88,1905.71,2123.14,2258.29,2370.04,2584.14,2707.15,3789.17,26789.66,1951.39,2073.62,2265.66,2389.93,2356.6,2811.11,2847.62,2765.81,3399.45,3928.48,-7.01,-12.64,-14.98,-15.01,-15.83,-3.7,-4.24,-7.85,-13.22,-8.4,15.34,17.78,28.98,21.57,26.65,25.41,11,24.48,20.15,7.03,25.57,3.68
18,City of Navotas,16325.74,1081.88,1220.7,1360.5,1477.24,1598.39,1593.91,1849.61,1739.42,1942.73,2461.35,14651.28,1071.07,1165.64,1250.57,1324.03,1308.75,1500.17,1502.39,1667.33,1691.28,2170.05,17390.43,1395.28,1447.68,1679.94,1573.5,1653.06,1730.35,1807.91,1808.87,2089.54,2204.29,-10.26,-1,-4.51,-8.08,-10.37,-18.12,-5.88,-18.77,-4.14,-12.94,-11.83,18.7,30.27,24.2,34.33,18.84,26.31,15.34,20.34,8.49,23.55,1.58
19,City of Valenzuela,48198.53,3351.1,3855.73,3847.07,4415.56,4431.82,5056.44,4803.58,5198.38,5743.24,7495.61,47240.15,3075.7,3498.23,3703.36,4183.96,4213.87,4408.18,5246.89,5544.43,6502.8,6862.73,52941.88,4035.11,4194.6,4340.58,5001.07,5241.53,5483.12,5434.31,5975.25,5864.25,7372.04,-1.99,-8.22,-9.27,-3.74,-5.25,-4.92,-12.82,9.23,6.66,13.23,-8.44,12.07,31.19,19.91,17.21,19.53,24.39,24.39,3.57,7.77,-9.82,7.42
20,NCR IV,,,,,,,,,,,,,,,,,,,,,,,,,,,,,,,,,,,,,,,,,,,,,,,,,,,,,,,
21,City of Las Piñas,60603.58,3364.7,4038.43,4677.41,4689.79,5200.23,5569.06,6896.23,6850.08,9010.3,10307.35,47700.81,2876.82,3239.32,3600.73,3704,4085.34,4813.53,4905.06,5652.3,6343.25,8480.45,63707.77,4169.18,4527.3,4922.5,5111.44,5890.92,5905.7,6414.75,7477.48,8786.3,10502.2,-21.29,-14.5,-19.79,-23.02,-21.02,-21.44,-13.57,-28.87,-17.49,-29.6,-17.72,33.56,44.92,39.76,36.71,38,44.2,22.69,30.78,32.29,38.51,23.84
22,City of Muntinlupa,51334.11,2861.47,3417.24,3556.53,3743.8,4269.05,4214.85,5082.91,5230.2,6501.16,12456.9,47759.73,3036.32,3459.42,3794.01,3768.85,4586.65,4766.94,4974.83,6214.77,5923.09,7234.85,59693.01,4389.08,4900.65,5005.48,5478.02,5303.92,6155.73,6099.1,6171.03,7094.62,9095.39,-6.96,6.11,1.23,6.68,0.67,7.44,13.1,-2.13,18.82,-8.89,-41.92,24.99,44.55,41.66,31.93,45.35,15.64,29.13,22.6,-0.7,19.78,25.72
23,City of Parañaque,73201.17,3857.29,4362.36,5212.2,5444.38,6002.6,6311.2,6999.72,8347.4,11810.72,14853.3,73638.41,3874.42,4471.59,5086.5,5163.31,5769.47,5897.65,7044.37,7963.57,9707.32,18660.2,79030.3,5391.85,5852.01,5746.73,6562.89,6842.62,7043.07,8083.5,7928.62,10231.28,15347.73,0.6,0.44,2.5,-2.41,-5.16,-3.88,-6.55,0.64,-4.6,-17.81,25.63,7.32,39.17,30.87,12.98,27.11,18.6,19.42,14.75,-0.44,5.4,-17.75
24,Pasay City,34482.33,2166.62,2587.72,2674.84,3162.9,3358.53,3082,3667.39,4327.88,4534.27,4920.18,33676.71,2215.94,2465.71,2695.9,3061.6,3279.57,3335.63,3581.35,3867.92,4033.77,5139.32,40466.94,3084.25,3396.99,3462.42,3653.51,4031.69,4328.03,4126.6,4620.13,4487.42,5275.89,-2.34,2.28,-4.71,0.79,-3.2,-2.35,8.23,-2.35,-10.63,-11.04,4.45,20.16,39.18,37.77,28.43,19.33,22.93,29.75,15.22,19.45,11.25,2.66
25,City of Makati,83563.81,4256.79,5496.16,6057.92,6382.45,6642.79,7028.91,8199.55,8878.23,10319.85,20301.17,79788.07,4269.15,5359.61,5765.14,6260.43,5949,7623.58,6859.9,7535.27,8151.29,22014.7,104194.84,5363.7,6183.86,7466.69,7624.03,8065.66,8357.37,8764.55,9577.56,11505.53,31285.9,-4.52,0.29,-2.48,-4.83,-1.91,-10.44,8.46,-16.34,-15.13,-21.01,8.44,30.59,25.64,15.38,29.51,21.78,35.58,9.63,27.76,27.1,41.15,42.11
26,Pateros,5112.63,281.67,328.19,403.06,477.13,505.26,514.42,530.45,657.62,617.72,797.12,3917.43,251.17,314.37,307.52,350.8,390.79,383.67,448.27,418.87,481.95,570,5140.35,324.13,387.99,390.05,451.22,508.84,517.75,525.23,602.61,665.33,767.21,-23.38,-10.83,-4.21,-23.7,-26.48,-22.66,-25.42,-15.49,-36.31,-21.98,-28.49,31.22,29.05,23.42,26.83,28.63,30.21,34.95,17.17,43.86,38.05,34.6
27,City of Taguig,83749.6,5103.95,6183.84,6927.67,7220.15,7348.18,8405.94,9594.75,9594.39,10082.86,13287.86,71344.84,4929.32,5650.05,5972.09,6710.13,6504.43,6671.16,7227.53,8087.46,8826.86,10765.82,107717.67,6523,7771.19,8766.01,8879.32,9186.24,10382.46,10546.2,11473.8,12438.1,21751.36,-14.81,-3.42,-8.63,-13.79,-7.06,-11.48,-20.64,-24.67,-15.71,-12.46,-18.98,50.98,32.33,37.54,46.78,32.33,41.23,55.63,45.92,41.87,40.91,102.04
28,,,,,,,,,,,,,,,,,,,,,,,,,,,,,,,,,,,,,,,,,,,,,,,,,,,,,,,,
29,CAR - CORDILLERA ADMINISTRATIVE REGION,97289.86,5144.41,5786.99,6428.48,6773.71,7380.64,8612.15,10095.2,11632.57,14532.06,20903.66,108683.1,6010.39,7011.82,7595.07,8346.76,8911.5,9830.78,10746.02,12340.75,14816.03,23073.98,114932.9,7654.98,8659.46,9199.51,9696.92,10067.13,11264.32,12130.28,13163.7,14216.14,18880.48,11.71,16.83,21.17,18.15,23.22,20.74,14.15,6.45,6.09,1.95,10.38,5.75,27.36,23.5,21.12,16.18,12.97,14.58,12.88,6.67,-4.05,-18.17
30,Abra,9361.79,531.28,619.12,663,716.59,840.52,835.33,856.94,1120.53,1236.28,1942.23,10629.78,651,722.32,725.37,836.04,845.27,932.71,917.94,1057.78,1419.44,2521.89,13381.12,839.3,1051.54,1062.67,1139.4,1176.08,1153.58,1325.8,1392.55,1590.43,2649.78,13.54,22.53,16.67,9.41,16.67,0.57,11.66,7.12,-5.6,14.82,29.85,25.88,28.92,45.58,46.5,36.28,39.14,23.68,44.43,31.65,12.05,5.07
31,Benguet (Excluding City of Baguio),26857.69,1433.24,1737.38,1911.14,2001.78,2391.94,2471.2,2670.59,3096.05,3623.67,5520.7,30790.61,1856.69,2118.92,2452.3,2560.19,2596.12,2771.7,3003.15,3304.2,3799.29,6328.04,31994.97,2152.39,2625.56,2909.31,2727.45,3056.58,3265,3444,3466.68,3646.63,4701.37,14.64,29.54,21.96,28.32,27.9,8.54,12.16,12.45,6.72,4.85,14.62,3.91,15.93,23.91,18.64,6.53,17.74,17.8,14.68,4.92,-4.02,-25.71
32,City of Baguio,32272.35,1416.72,1942.67,2114.62,2561.6,3026.78,3222.53,3198.94,4370.18,4578.88,5839.45,31945.28,1878.83,2369.32,2615.08,2727.52,2896.1,2914.1,3282.47,3703.82,3771.27,5786.76,31266.48,2295.33,2460.13,2807.57,2997.34,2971.02,3299.02,3364.21,3606.19,3215.64,4250.02,-1.01,32.62,21.96,23.67,6.48,-4.32,-9.57,2.61,-15.25,-17.64,-0.9,-2.12,22.17,3.83,7.36,9.89,2.59,13.21,2.49,-2.64,-14.73,-26.56
33,Ifugao,8117.39,572.22,609.66,677.12,612.42,613.62,652.51,750.92,851.09,1187.98,1589.87,9926.99,574.66,683.85,697.99,746.88,768.04,876.42,935.98,1086.3,1374.03,2182.83,9665.75,685.18,798.74,830.37,760.71,834.18,853.97,862.42,945.56,1211.16,1883.46,22.29,0.43,12.17,3.08,21.96,25.17,34.32,24.64,27.64,15.66,37.3,-2.63,19.23,16.8,18.97,1.85,8.61,-2.56,-7.86,-12.96,-11.85,-13.71
34,Kalinga,10337.39,695.92,707.51,811.05,804.06,803.29,838.38,1037.21,1110.01,1396.85,2133.11,13106.26,738.4,771.89,898.68,912.43,929.35,1062.78,1270.25,1466.29,1812.16,3244.02,12812.83,896.97,971.83,1015.22,1029.74,1106.02,1137.84,1263.24,1349.57,1513.28,2529.14,26.79,6.1,9.1,10.8,13.48,15.69,26.77,22.47,32.1,29.73,52.08,-2.24,21.47,25.9,12.97,12.86,19.01,7.06,-0.55,-7.96,-16.49,-22.04
35,Mountain Province,6043.79,449.59,428.44,447.56,465.49,492.9,488.7,493.52,649.42,801.84,1326.31,7079.97,442.87,522.56,519.67,564.38,559.58,595.01,670.91,756,872.17,1576.81,8512.1,666,652.23,685.27,676.9,715,734.06,818.06,887.6,1030.98,1646.01,17.14,-1.49,21.97,16.11,21.24,13.53,21.75,35.94,16.41,8.77,18.89,20.23,50.38,24.81,31.87,19.94,27.77,23.37,21.93,17.41,18.21,4.39
36,Apayao,4299.45,279.15,338.13,327.21,367.8,346.49,370.02,369.88,479.46,589.12,832.2,5204.23,328.27,373.81,390.98,411.7,437.79,455.92,471.24,544.19,726.32,1064.01,7299.65,528.53,547.62,544.61,568.7,585.65,590.76,702.09,712.26,863.69,1655.76,21.04,17.6,10.55,19.49,11.94,26.35,23.21,27.4,13.5,23.29,27.86,40.26,61,46.5,39.29,38.14,33.77,29.58,48.99,30.88,18.91,55.62
37,,,,,,,,,,,,,,,,,,,,,,,,,,,,,,,,,,,,,,,,,,,,,,,,,,,,,,,,
38,REGION I - ILOCOS REGION,248059.27,15213.27,17409.23,19078.93,20449.82,19419.11,23009.06,24278.03,26438.14,33633.35,49130.33,266177.56,14643.94,18043.89,19080.91,20337.27,22535.99,24170.65,25603.02,29433.69,36067.03,56261.18,303687.83,17492.39,20918.89,23265.39,24218.95,26590.41,28068.94,30236.92,34409.62,38712.57,59773.75,7.3,-3.74,3.65,0.01,-0.55,16.05,5.05,5.46,11.33,7.24,14.51,14.09,19.45,15.93,21.93,19.09,17.99,16.13,18.1,16.91,7.34,6.24
39,Ilocos Norte,32544.41,2065.89,2262.6,2604.01,2746.56,2863.17,2716.34,3257.45,3740.26,4018.83,6269.31,35666.55,2409.68,2955.03,2916.65,2909.13,3073.26,3371.8,3375.62,3517.12,4379.59,6758.66,47010.22,3849.4,4258.16,4129.07,4408.22,4372.99,4302.18,4763.47,4402.67,4726.57,7797.48,9.59,16.64,30.6,12.01,5.92,7.34,24.13,3.63,-5.97,8.98,7.81,31.8,59.75,44.1,41.57,51.53,42.29,27.59,41.11,25.18,7.92,15.37
40,Ilocos Sur,29569.63,1811.91,2076.59,2096.05,2343.23,2386.09,2708.71,2963.25,2982.76,3955.63,6245.41,35059.75,1816.61,2108.11,2337.28,2472.3,2881.15,3092.58,3325.3,4196.93,4966.31,7863.18,40433.29,2350.52,2931.23,3148.64,3181.68,3499.4,3828.6,3967.65,4385.85,4810.63,8329.1,18.57,0.26,1.52,11.51,5.51,20.75,14.17,12.22,40.71,25.55,25.9,15.33,29.39,39.05,34.71,28.69,21.46,23.8,19.32,4.5,-3.13,5.93
41,La Union,41898.92,2434.81,2721.31,3100.88,3264.5,3456.31,3877.86,4121.82,4244.04,5820.92,8856.47,45612.56,2275.68,2830.34,3192.38,3191.76,3606.05,4261.99,4471.75,5198.8,6834.98,9748.81,53800.97,2781.44,3368.64,3801.29,3972.33,4196.43,5091.24,5230.67,6066.5,7515.62,11776.81,8.86,-6.54,4.01,2.95,-2.23,4.33,9.91,8.49,22.5,17.42,10.08,17.95,22.22,19.02,19.07,24.46,16.37,19.46,16.97,16.69,9.96,20.8
42,Pangasinan,144046.32,9105.29,10286.34,11626.09,11861.72,11588.86,12658.88,14045.24,14990.83,19099.26,28783.8,149838.71,8470.17,10237.61,11099.02,11371.72,12268.42,14101.94,14788.42,15229.99,19191.92,33079.5,162443.35,10030.04,12186.58,12312.46,13897.58,13947.19,15348.16,14933.8,16946.5,22067.9,30773.14,4.02,-6.98,-0.47,-4.53,-4.13,5.86,11.4,5.29,1.6,0.49,14.92,8.41,18.42,19.04,10.93,22.21,13.68,8.84,0.98,11.27,14.99,-6.97
43,,,,,,,,,,,,,,,,,,,,,,,,,,,,,,,,,,,,,,,,,,,,,,,,,,,,,,,,
44,REGION II - CAGAYAN VALLEY,148503.16,9696.28,10845.59,11272.4,11724.65,12537.27,12637.6,14376.63,16042.08,18816.74,30553.94,180558.56,9999.01,11478.73,12658.97,13471.65,14174.55,15489.54,16516.82,19341.41,25597.76,41830.11,198196.14,12634.65,14767.28,15271.12,15989.39,16982.09,17766.01,19207.83,21752.86,25215.88,38609.02,21.59,3.12,5.84,12.3,14.9,13.06,22.57,14.89,20.57,36.04,36.91,9.77,26.36,28.65,20.63,18.69,19.81,14.7,16.29,12.47,-1.49,-7.7
45,Batanes,1224.52,71.18,84.78,85.03,93.9,97.49,110.1,124.47,120.03,170.13,267.4,1685.75,84.99,121.38,125.34,108.61,141.3,172.72,179.94,174.91,237.04,339.51,1525.76,84.63,108.48,119.66,125.68,124.19,140.98,148.26,168.1,212.58,293.2,37.67,19.4,43.17,47.41,15.67,44.94,56.88,44.56,45.72,39.33,26.97,-9.49,-0.42,-10.62,-4.54,15.71,-12.11,-18.37,-17.61,-3.9,-10.32,-13.64
46,Cagayan,52094.9,3411.5,3672.71,3881.29,4231.41,4565.61,4680.52,5049.08,5793.55,6655.17,10154.07,63559.13,3507.97,3875.28,4202.34,4972.99,4860.19,5298.52,5863.71,7233.03,9265.23,14479.86,68893.3,4243.69,5108.71,5440.81,5290.74,6052.4,6259.59,6680.03,7436.14,8708.6,13672.59,22.01,2.83,5.52,8.27,17.53,6.45,13.2,16.13,24.85,39.22,42.6,8.39,20.97,31.83,29.47,6.39,24.53,18.14,13.92,2.81,-6.01,-5.58
47,Isabela,63231.55,4312.28,5005.84,5047.02,5142.07,5292.03,5311.08,5902.94,6618.43,7802.96,12796.9,78256.28,4286.32,5200.27,5601.99,5768.02,6364.18,6704.92,6905.38,7958.53,10714.79,18751.91,86418.68,5687.85,6701.23,6730.76,7173.06,7490.86,7682.42,8392.48,9472.8,11280.77,15806.46,23.76,-0.6,3.88,11,12.17,20.26,26.24,16.98,20.25,37.32,46.53,10.43,32.7,28.86,20.15,24.36,17.7,14.58,21.54,19.03,5.28,-15.71
48,Nueva Vizcaya,23701.5,1425.5,1592.57,1657.84,1848.65,2037.3,2029.47,2218.99,2696,3306.86,4888.32,27902.45,1519.85,1766.85,1989.79,2134.22,2249.19,2430.14,2753.68,3055.7,3606.51,6396.51,31867.79,2041.71,2177.54,2245.65,2611.75,2641.97,2907.02,3149.85,3549.05,3733.87,6809.38,17.72,6.62,10.94,20.02,15.45,10.4,19.74,24.1,13.34,9.06,30.85,14.21,34.34,23.24,12.86,22.37,17.46,19.62,14.39,16.15,3.53,6.45
49,Quirino,8250.69,501.75,545.86,579.68,617.73,682.9,672.31,738.61,826.9,983.24,2101.7,9154.95,527.12,584.84,606.05,708.5,777.96,740.07,828.08,1004.14,1177.48,2200.7,9490.61,593.72,646.44,673.22,683.41,831.38,801.6,853.5,1040.95,1261.71,2104.7,10.96,5.06,7.14,4.55,14.69,13.92,10.08,12.11,21.43,19.76,4.71,3.67,12.63,10.53,11.08,-3.54,6.87,8.31,3.07,3.67,7.15,-4.36
50,,,,,,,,,,,,,,,,,,,,,,,,,,,,,,,,,,,,,,,,,,,,,,,,,,,,,,,,
51,REGION III - CENTRAL LUZON,752116.45,43397.18,52555.3,57489.09,61797.43,65616.88,72153.76,76351.18,84152.09,97807.72,140795.82,772904.25,42789.6,52253.29,59517.82,60416.8,68057.23,73092.85,79561.75,88514.3,101993.67,146706.95,932991.73,58934.89,69804.65,76628.53,81277.13,85758.3,91886.75,97294.37,104489.32,116207.12,150710.67,2.76,-1.4,-0.57,3.53,-2.23,3.72,1.3,4.21,5.18,4.28,4.2,20.71,37.73,33.59,28.75,34.53,26.01,25.71,22.29,18.05,13.94,2.73
52,Aurora,11610.1,730.92,801.57,910.52,840.73,897.66,939.48,935.94,1313.21,1595.5,2644.58,12547.74,676.55,787.02,872.57,948.91,990.51,1070.89,1260.1,1378.24,1650.46,2912.49,13433.51,785.96,927.86,952.66,945.36,1076.86,1090.45,1119.28,1441.62,1728,3365.46,8.08,-7.44,-1.82,-4.17,12.87,10.34,13.99,34.63,4.95,3.44,10.13,7.06,16.17,17.9,9.18,-0.37,8.72,1.83,-11.18,4.6,4.7,15.55
53,Bataan,57572.9,3443.2,4090.22,4455.8,4723.01,5204.45,5296.42,5821.14,6645.58,7530.29,10362.79,57630.4,3124,3889.26,4499.05,4546.13,4641.78,4941.11,5568.55,6242.27,6944.81,13233.44,60824.59,3661.67,4342.54,4413.47,5135.76,5462.33,5619.67,5552.95,6367.82,8360.76,11907.62,0.1,-9.27,-4.91,0.97,-3.75,-10.81,-6.71,-4.34,-6.07,-7.77,27.7,5.54,17.21,11.65,-1.9,12.97,17.68,13.73,-0.28,2.01,20.39,-10.02
54,Bulacan,227706.42,14248.43,15340.22,17266.65,18584.45,19849.29,22729.96,20798.78,24296.43,29845.87,44746.34,224226.24,13533.89,17023.8,17358.41,17207.09,21463.84,20728.71,22953.38,24484.53,28092.86,41379.73,276431.53,17746.95,20728.6,22574.14,23689.38,24070.94,27388.84,29748.3,31169.91,36024.78,43289.7,-1.53,-5.01,10.97,0.53,-7.41,8.13,-8.8,10.36,0.77,-5.87,-7.52,23.28,31.13,21.76,30.05,37.67,12.15,32.13,29.6,27.3,28.23,4.62
55,Nueva Ecija,119585.48,7472.35,8406.39,8764.79,9399.43,10502.14,10312.56,11113.58,12751.69,16799.44,24063.13,106162.49,7058.03,7313.68,8056.17,8877.17,9533.12,9320,10359.35,11041.55,14087,20516.4,153490.03,11179.78,12171.83,12776.21,13790.67,13507.12,15257.37,15613.16,16722.45,17677.71,24793.73,-11.22,-5.54,-13,-8.08,-5.56,-9.23,-9.62,-6.79,-13.41,-16.15,-14.74,44.58,58.4,66.43,58.59,55.35,41.69,63.71,50.72,51.45,25.49,20.85
56,Pampanga (Excluding City of Angeles),162722.36,10824.62,12593.97,13658.88,15034.98,14941.95,15969.94,15467.22,17005.3,20643.66,26581.85,178949.47,11847.48,13305.2,13485.75,16191.4,15663.09,17719.5,18525.76,20343.29,22244.87,29623.12,200610.89,15245.57,16681.41,17938.12,19169.29,17899.38,19989.4,20943.2,21908.15,22668.23,28168.14,9.97,9.45,5.65,-1.27,7.69,4.83,10.96,19.77,19.63,7.76,11.44,12.1,28.68,25.38,33.02,18.39,14.28,12.81,13.05,7.69,1.9,-4.91
57,City of Angeles,32336.38,2221.11,2456.42,2605.06,2863.3,3052.76,3022.46,3327.96,3530.18,3804.93,5452.18,46189.33,2950.16,3375.88,3635.5,3701,4117.83,4375.52,4498.59,4908.57,5469.91,9156.37,51873.44,4153.27,4547.17,4776.47,4774.16,5197.83,5063.34,5293.31,5603.86,5854.31,6609.72,42.84,32.82,37.43,39.56,29.26,34.89,44.77,35.18,39.05,43.76,67.94,12.31,40.78,34.7,31.38,29,26.23,15.72,17.67,14.16,7.03,-27.81
58,Tarlac,78496.6,4495.11,5235.66,6306.65,6207.38,6728.19,7110.11,8377.82,9065.21,10934.11,14036.35,89783.62,5036.52,5892.62,6534.7,7491.46,7239.02,8015.93,9073.51,10022.98,12337.14,18139.73,109570.52,6226.91,8140.99,8870.15,9323.23,10005.61,10910.8,10768.3,11800.67,14208.23,19315.64,14.38,12.04,12.55,3.62,20.69,7.59,12.74,8.3,10.57,12.83,29.23,22.04,23.64,38.16,35.74,24.45,38.22,36.11,18.68,17.74,15.17,6.48
59,Zambales (Excluding City of Olongapo),41937.9,2292.55,2835.92,3132.5,3158.06,3334.79,4035.09,4499.63,4839.56,5708.55,8101.24,38066.98,2355.56,2507.76,2809.51,2997.01,3331.65,3426.05,3761.57,4043.39,5374.85,7459.63,45889.54,2982.82,3361.41,3843.14,3854.73,4238.43,4136.76,5271.72,5118.13,5655.23,7427.18,-9.23,2.75,-11.57,-10.31,-5.1,-0.09,-15.09,-16.4,-16.45,-5.85,-7.92,20.55,26.63,34.04,36.79,28.62,27.22,20.74,40.15,26.58,5.22,-0.44
60,City of Olongapo,20148.3,1272.91,1506.55,1671.78,1592.13,1733.24,2113.87,2135.93,2279.9,2498.04,3343.93,19347.97,1257.61,1430.76,1543.09,1614.56,1861.38,1851.86,2071.9,2143.65,2251.74,3321.4,20867.68,1232.91,1497.82,1585.47,1875.89,1859.83,1926.2,2101.91,2180.43,2609.78,3997.44,-3.97,-1.2,-5.03,-7.7,1.41,7.39,-12.39,-3,-5.98,-9.86,-0.67,7.85,-1.96,4.69,2.75,16.19,-0.08,4.01,1.45,1.72,15.9,20.35
61,,,,,,,,,,,,,,,,,,,,,,,,,,,,,,,,,,,,,,,,,,,,,,,,,,,,,,,,
62,REGION IVA - CALABARZON,1145419.51,54159.74,69582.77,79542.69,86985.63,97713.73,107698.51,117797.95,132004.43,160961.45,238972.62,1145313.26,57148.53,71790.13,81138.68,90242.27,98706.13,109308.67,117795.38,133093.42,149997.46,236092.59,1335720.46,73698.57,86358.67,98014.68,105351.14,114984.02,124409.49,140880.94,152111.5,176134.34,263777.11,-0.01,5.52,3.17,2.01,3.74,1.02,1.5,0,0.82,-6.81,-1.21,16.62,28.96,20.29,20.8,16.74,16.49,13.81,19.6,14.29,17.42,11.73
63,Batangas,169817.69,9538.82,10868.8,12918.16,13026.2,15585.87,15939.94,16267.47,19207.88,23617.8,32846.76,192992.21,11818.36,13329.47,14182.09,14977.17,15866.26,17551.46,19968.78,23924.46,23860.66,37513.5,227519.31,13421.24,15176.28,17401.36,18140.47,20031.77,21422.18,22463.27,25599.99,29263.7,44599.06,13.65,23.9,22.64,9.78,14.98,1.8,10.11,22.75,24.56,1.03,14.21,17.89,13.56,13.86,22.7,21.12,26.25,22.05,12.49,7,22.64,18.89
64,Cavite,335624.94,15848.61,21804.88,24499.87,25697.41,28766.84,33430.9,34294.34,40777.92,44614.37,65889.8,341101.95,17369.6,22475.18,25398.82,28685.18,31454.56,31813.39,34803.58,36741.74,42392,69967.89,361034.35,20851.12,26199.77,26888.44,28840.04,32600.59,37425.29,37286.84,40348.71,46953.53,63640.03,1.63,9.6,3.07,3.67,11.63,9.34,-4.84,1.48,-9.9,-4.98,6.19,5.84,20.04,16.57,5.86,0.54,3.64,17.64,7.14,9.82,10.76,-9.04
65,Laguna,276222.41,14060.39,17683.07,19412.81,21873.08,24110.82,26159.35,27256.39,34190.98,38917.55,52557.97,251338.42,12799.99,16630.33,19311.09,20719.7,22462.25,25071.37,26185.2,30128.33,33292.33,44737.83,331637.3,18606.72,22810.69,24724.89,26814.33,28863.11,33038.07,33228.65,37309.74,42497.67,63743.44,-9.01,-8.96,-5.95,-0.52,-5.27,-6.84,-4.16,-3.93,-11.88,-14.45,-14.88,31.95,45.37,37.16,28.03,29.41,28.5,31.78,26.9,23.84,27.65,42.48
66,Quezon (Excluding City of Lucena),89794.62,4708.05,5829.43,6790.96,7174.58,7454.05,7563.94,8974.95,10381.75,11335.02,19581.88,92871.94,4590.47,6091.79,6695.75,7115.37,7284.82,7949.76,9033.44,10221.04,12108.61,21780.9,107418.39,7306.62,8249.31,8212.14,8720.63,8954.83,9371.81,10381.4,11984.02,12543.35,21694.3,3.43,-2.5,4.5,-1.4,-0.83,-2.27,5.1,0.65,-1.55,6.82,11.23,15.66,59.17,35.42,22.65,22.56,22.92,17.89,14.92,17.25,3.59,-0.4
67,City of Lucena,18989.42,1084.57,1201.32,1483.46,1473.53,1560.15,1659.82,1799.42,2473.81,2813.22,3440.1,18494.16,997.56,1244.3,1226.43,1396.9,1478.4,1735.65,1972.39,2112.39,2412.26,3917.87,20585.22,1393.63,1551.44,1618.46,1747.86,1872.6,1965.48,2030.22,2058.42,2747.76,3599.34,-2.61,-8.02,3.58,-17.33,-5.2,-5.24,4.57,9.61,-14.61,-14.25,13.89,11.31,39.7,24.68,31.97,25.12,26.66,13.24,2.93,-2.56,13.91,-8.13
68,Rizal,254970.44,13072.3,16168.02,18126.07,18296.27,20137.75,24063.94,24511.89,27001.44,34509.22,59083.52,248514.58,13907.99,15724.86,18260.87,19001.41,21120.82,21804.43,24873.38,27067.81,33708.05,53044.95,287525.89,15157.93,18297.13,20163.13,21838.26,22706.62,25290.34,30226.83,32563.59,37231.8,64050.26,-2.53,6.39,-2.74,0.74,3.85,4.88,-9.39,1.47,0.25,-2.32,-10.22,15.7,8.99,16.36,10.42,14.93,7.51,15.99,21.52,20.3,10.45,20.75
69,,,,,,,,,,,,,,,,,,,,,,,,,,,,,,,,,,,,,,,,,,,,,,,,,,,,,,,,
70,MIMAROPA REGION,128791.97,7392.47,8889.21,9343.74,9819.87,10174.52,10911.99,11924.82,13557.35,16873.47,29904.54,140432.25,7291.53,8881.88,9586.85,10248.17,10854.12,11971.32,13094.64,14920.01,19975.77,33607.96,155454.26,8411.5,10856.8,11093.63,11253.3,12745.75,13150.57,14424.88,16539.52,19464.23,37514.08,9.04,-1.37,-0.08,2.6,4.36,6.68,9.71,9.81,10.05,18.39,12.38,10.7,15.36,22.24,15.72,9.81,17.43,9.85,10.16,10.85,-2.56,11.62
71,Marinduque,10375.1,655.25,696.46,763.49,859.14,783.02,831.63,942.7,1066.94,1337.03,2439.43,10679.78,695.55,805.56,813.82,879.16,841.62,968.83,1020.58,1088.34,1431.47,2134.85,13211.58,914.25,1014.52,1009.14,1108.82,1035.72,1109.22,1150.18,1315.31,1632.75,2921.68,2.94,6.15,15.66,6.59,2.33,7.48,16.5,8.26,2.01,7.06,-12.49,23.71,31.44,25.94,24,26.12,23.06,14.49,12.7,20.85,14.06,36.86
72,Occidental Mindoro,21473.67,938.9,1350.93,1405.57,1603.45,1567.34,1662.32,1950.51,2135.79,2955.9,5902.94,22364.5,954.68,1318.39,1443.42,1606.84,1695.26,1978.35,2070.89,2556.74,3378,5361.92,25094.48,1151.4,1477.28,1757.72,1822.83,1905,2011.67,2235.71,2713.19,3225.14,6794.53,4.15,1.68,-2.41,2.69,0.21,8.16,19.01,6.17,19.71,14.28,-9.17,12.21,20.61,12.05,21.77,13.44,12.37,1.68,7.96,6.12,-4.53,26.72
73,Oriental Mindoro,37044.08,2261.37,2659.81,2660.6,3020.8,3127.13,3006.57,3534.36,3833.52,4758.88,8181.04,43595.31,1941.81,2419.38,2906.22,2929.87,3538.5,3610.78,4260.61,4647.5,6895.75,10444.9,43476.87,2373.44,3125.79,3120.54,3395.83,3871.96,3526.72,4314.55,4350.62,5317.14,10080.29,17.68,-14.13,-9.04,9.23,-3.01,13.15,20.1,20.55,21.23,44.9,27.67,-0.27,22.23,29.2,7.37,15.9,9.42,-2.33,1.27,-6.39,-22.89,-3.49
74,Palawan (Excluding City of Puerto Princesa),32694.37,2258.68,2605.99,2556.51,2736.06,2785.14,2854.04,3027.48,3538.94,3786.15,6545.37,36403.62,2138.75,2598.84,2672.63,2781.39,3017.4,3119.01,3450.08,3824.83,4032.29,8768.41,39237.59,2391.74,2692.36,2897.74,3032.29,3101.41,3085.33,4085.04,4007.34,4921.58,9022.76,11.35,-5.31,-0.27,4.54,1.66,8.34,9.28,13.96,8.08,6.5,33.96,7.78,11.83,3.6,8.42,9.02,2.78,-1.08,18.4,4.77,22.05,2.9
75,City of Puerto Princesa,16235.44,917.1,1080.5,1070.25,1173.25,1371.36,1448.36,1732.07,1928.84,2082.09,3431.63,14792.21,810.85,948.73,974.09,1165.55,1193.38,1231.62,1360.95,1702.21,2209.89,3194.94,19246.7,1132.03,1295.08,1396.81,1523.33,1599.07,1767.44,1783.94,2143.39,2643.24,3962.35,-8.89,-11.59,-12.2,-8.98,-0.66,-12.98,-14.96,-21.43,-11.75,6.14,-6.9,30.11,39.61,36.51,43.4,30.7,33.99,43.51,31.08,25.92,19.61,24.02
76,Romblon,10969.32,700.93,768.76,789.82,806.24,841.91,872.65,996.66,962.37,1368.42,2861.55,12596.83,747.57,838.55,908.45,964.43,970.43,1108.25,1051.81,1206.54,1692.02,3108.8,15187.03,1026.63,1129.94,1159.4,1100.77,1189.47,1163.73,1224.84,1451.34,1908.55,3832.36,14.84,6.65,9.08,15.02,19.62,15.27,27,5.53,25.37,23.65,8.64,20.56,37.33,34.75,27.62,14.14,22.57,5.01,16.45,20.29,12.8,23.27
77,,,,,,,,,,,,,,,,,,,,,,,,,,,,,,,,,,,,,,,,,,,,,,,,,,,,,,,,
78,REGION V - BICOL REGION,247625.66,14222.26,16531.35,17331.1,18181.32,19710.32,21328.93,22604.46,25572.13,32767.55,59376.24,254594.13,13865.03,16139.87,17842.09,18505.13,19892.27,21532.34,22613.89,27010.09,35943.02,61250.4,278383.88,16475.28,18575.46,19770.46,21213.48,21749.7,23023.41,25329.11,28773.84,37261.17,66211.96,2.81,-2.51,-2.37,2.95,1.78,0.92,0.95,0.04,5.62,9.69,3.16,9.34,18.83,15.09,10.81,14.64,9.34,6.92,12.01,6.53,3.67,8.1
79,Albay,58906.08,3631.57,3679.42,3835.31,4389.87,4832.14,4890.14,4928.14,6066.67,8760.69,13892.15,64677.91,3226.98,3761.65,4448.22,4629.22,5026.15,5384.46,5887.55,7100.21,9883.98,15329.5,67067.55,4133.67,4816.89,5053.51,5104.55,5609.55,5664.2,6137.41,7130.36,8893.65,14523.75,9.8,-11.14,2.23,15.98,5.45,4.01,10.11,19.47,17.04,12.82,10.35,3.69,28.1,28.05,13.61,10.27,11.61,5.2,4.24,0.42,-10.02,-5.26
80,Camarines Norte,24653.76,1508.92,1732.36,1920.69,1887.55,2011.8,2108.45,2309.22,2703.48,3324.31,5146.99,25695.69,1443.41,1819.41,1879.93,1830.99,2199.54,2144.31,2408.9,2723.29,3553.98,5691.92,28873.67,1881.76,2193.79,2356.28,2350.32,2411.83,2513.19,2887.33,2775.47,3404.64,6099.06,4.23,-4.34,5.02,-2.12,-3,9.33,1.7,4.32,0.73,6.91,10.59,12.37,30.37,20.58,25.34,28.36,9.65,17.2,19.86,1.92,-4.2,7.15
81,Camarines Sur,87153.07,4746.7,5805.31,6085.6,6306.91,6864.96,7618.88,8279.9,8921.69,11010.64,21512.47,85170.41,4617.48,5237.73,5817.79,6148.89,6662.9,7433.67,7552.52,9233.79,11881.16,20584.5,91363.08,4730.17,5353.47,5784.2,6357.15,6436.74,7327,8048,10369.73,14978.07,21978.55,-2.27,-2.72,-9.78,-4.4,-2.51,-2.94,-2.43,-8.78,3.5,7.91,-4.31,7.27,2.44,2.21,-0.58,3.39,-3.39,-1.43,6.56,12.3,26.07,6.77
82,Catanduanes,11515.71,716.61,771.02,858.89,864.58,962.5,1030.8,1034.69,1188.4,1579.89,2508.32,13002.41,698.81,813.64,856.49,912.65,968.66,1089.34,1122.26,1382.05,1831.03,3327.48,14070.15,751.37,829.72,928.26,1001.22,1056,1124.99,1239.21,1528.42,1962.4,3648.55,12.91,-2.48,5.53,-0.28,5.56,0.64,5.68,8.46,16.3,15.9,32.66,8.21,7.52,1.98,8.38,9.71,9.02,3.27,10.42,10.59,7.17,9.65
83,Masbate,30934.41,1931.51,2103.05,2283.15,2302.99,2636.04,2467.8,2730.76,3055.84,4007.66,7415.61,31078.68,1884.06,2144.17,2265.92,2358.21,2424.87,2583.79,2685.16,2826.46,3845.27,8060.77,38720.57,2577.33,2674.4,2726.31,3031.77,3093.28,3592.39,3409.08,3622.71,4736.69,9256.59,0.47,-2.46,1.96,-0.75,2.4,-8.01,4.7,-1.67,-7.51,-4.05,8.7,24.59,36.8,24.73,20.32,28.56,27.56,39.04,26.96,28.17,23.18,14.84
84,Sorsogon,34462.61,2025.6,2394.87,2524.23,2687.41,2830.5,2974.44,2860.8,3648.99,4395.73,8120.03,34969.02,2024.78,2489.02,2569.66,2735.77,2824.35,3088.81,3151.8,3448.15,4475.03,8161.65,38288.86,2564.12,2750.06,2906.18,2957.75,3227.17,3196.28,3383.8,3651.79,4719.21,8932.52,1.47,-0.04,3.93,1.8,1.8,-0.22,3.85,10.17,-5.5,1.8,0.51,9.49,26.64,10.49,13.1,8.11,14.26,3.48,7.36,5.91,5.46,9.44
85,,,,,,,,,,,,,,,,,,,,,,,,,,,,,,,,,,,,,,,,,,,,,,,,,,,,,,,,
86,REGION VI - WESTERN VISAYAS,226706.13,12609.23,14093.34,15259.66,15889.77,17110.92,17832.46,20038.37,24654.29,33250.28,55967.81,245333.69,11962.72,14487.25,15483.36,16740.9,17990.82,20237.48,22239.95,26731.52,36191.65,63268.04,278175.09,16903.28,18137.88,20210.35,22066.32,23104.13,23807.59,26339.52,29571.08,38670.12,59364.82,8.22,-5.13,2.79,1.47,5.36,5.14,13.49,10.99,8.43,8.85,13.04,13.39,41.3,25.2,30.53,31.81,28.42,17.64,18.43,10.62,6.85,-6.17
87,Aklan,32335.22,1805.09,2095.23,2328.56,2441.01,2476.48,2604.19,2935.77,3289.25,4505.06,7854.58,33353.31,1581.21,1853.57,2117.21,2355.2,2532.38,2602.85,2825.71,3427.93,4844.76,9212.49,39833.15,2719.2,2856.82,3052.02,3348.35,3502.99,3463.31,3558.81,4019.84,5658.37,7653.43,3.15,-12.4,-11.53,-9.08,-3.52,2.26,-0.05,-3.75,4.22,7.54,17.29,19.43,71.97,54.13,44.15,42.17,38.33,33.06,25.94,17.27,16.79,-16.92
88,Antique,22047.02,1474.61,1553.08,1549.07,1704.62,1795.07,1802.44,1904.74,2525.44,2534.99,5202.97,26031.99,1153.3,1463.78,1602.88,1751.3,2067.66,2158.26,2283.43,2873.02,3903.53,6774.82,32695.97,1844.25,2051.98,2247.2,2411.27,2603.34,2484.91,3159.69,3126.12,4616.31,8150.9,18.07,-21.79,-5.75,3.47,2.74,15.19,19.74,19.88,13.76,53.99,30.21,25.6,59.91,40.18,40.2,37.68,25.91,15.14,38.37,8.81,18.26,20.31
89,Capiz,38172.56,2468.24,2600.27,2798.65,2954.41,3126.22,3205.09,3512.63,3752.13,4678.59,9076.33,43058.67,2975.43,3330.76,3235.1,3578.34,3621.87,3758.54,4061.06,4320.12,5043.21,9134.24,49041.18,2976,3401.53,3940.12,4393.2,3958.04,4591.89,4623.86,5411.58,6074.59,9670.36,12.8,20.55,28.09,15.6,21.12,15.85,17.27,15.61,15.14,7.79,0.64,13.89,0.02,2.12,21.79,22.77,9.28,22.17,13.86,25.26,20.45,5.87
90,Iloilo (Excluding City of Iloilo),95791.39,5333.79,5839.17,5956.52,6587.46,6714.76,7197.76,8134.85,10686.21,15433.28,23907.6,106349.24,5157.17,6064.03,6026.87,6352.63,6943.16,8437.99,9633.59,12554.93,16697.91,28480.97,114046.22,7249.82,7605.95,7717.31,8553.68,8953.38,9840.83,10444.71,12608.8,15833.86,25237.87,11.02,-3.31,3.85,1.18,-3.56,3.4,17.23,18.42,17.49,8.19,19.13,7.24,40.58,25.43,28.05,34.65,28.95,16.63,8.42,0.43,-5.17,-11.39
91,City of Iloilo,29857.72,1597.65,1712.94,1947.64,2093.79,2206.05,2691.05,2906.38,3312.1,4258.95,7131.17,27010.65,1401.27,1541.49,1889.34,1907.99,2090.66,2201.96,2639.73,3167.15,3560.01,6611.04,30888.59,1963.61,2121.25,2284.09,2484.93,2601.42,2625.96,3011.18,3460.3,4316.43,6019.42,-9.54,-12.29,-10.01,-2.99,-8.87,-5.23,-18.17,-9.17,-4.38,-16.41,-7.29,14.36,40.13,37.61,20.89,30.24,24.43,19.26,14.07,9.26,21.25,-8.95
92,Guimaras,8502.22,557.59,691.83,673.02,686.93,749.46,766.77,758.72,816.25,976.03,1825.61,9529.83,549.13,664.92,658.6,704.02,718.44,709.99,892.81,962.86,1114.22,2554.84,11669.98,864.73,956.56,1003.8,1045.65,975.87,1016.62,1086.02,1086.71,1513.33,2120.7,12.09,-1.52,-3.89,-2.14,2.49,-4.14,-7.41,17.67,17.96,14.16,39.94,22.46,57.47,43.86,52.42,48.53,35.83,43.19,21.64,12.86,35.82,-16.99
93,,,,,,,,,,,,,,,,,,,,,,,,,,,,,,,,,,,,,,,,,,,,,,,,,,,,,,,,
94,NEGROS ISLAND REGION,201680.38,9640.88,11290.3,13307.4,13463.23,15000.81,16440.15,18688.83,23047,28957.24,51844.54,201311.17,9989.15,12290.02,13949.09,14546.81,15618.07,17136.88,19400.21,19718.61,30508.72,48153.6,240706.91,12631.82,14484.91,17321.21,18387.59,19470.52,21274.5,24166.42,26358.04,32259.9,54352,-0.18,3.61,8.85,4.82,8.05,4.11,4.24,3.81,-14.44,5.36,-7.12,19.57,26.46,17.86,24.17,26.4,24.67,24.14,24.57,33.67,5.74,12.87
95,Negros Occidental (Excluding City of Bacolod),104791.74,5586.68,6727.22,7490.15,8169.57,8449.4,9020.31,10143.51,11562.31,14331.52,23311.08,104920.66,6078.95,7305.15,8027.07,8434.1,8536.33,9558.91,10117.96,10587.56,12372.68,23901.95,133197.92,7760.79,8650.37,10239.53,10743.22,10695.6,11473.59,13230.57,14740.98,15478.05,30185.21,0.12,8.81,8.59,7.17,3.24,1.03,5.97,-0.25,-8.43,-13.67,2.53,26.95,27.67,18.41,27.56,27.38,25.3,20.03,30.76,39.23,25.1,26.29
96,City of Bacolod,39260.48,1966.67,2290.87,2497.82,2965.62,3155.63,3419.48,3541.24,4534.45,5724.3,9164.39,38221.19,2102.58,2434.46,2835.77,3041.4,3262.31,3441.69,3755.97,4175.49,5460.55,7710.97,43060.38,2525.44,3062.96,3356.72,3473.11,3953.84,4210.03,4376.91,5155,5784.46,7161.93,-2.65,6.91,6.27,13.53,2.56,3.38,0.65,6.06,-7.92,-4.61,-15.86,12.66,20.11,25.82,18.37,14.19,21.2,22.32,16.53,23.46,5.93,-7.12
97,Negros Oriental,53272,2333.75,2720.63,2942.17,3099.08,3486.77,3735.56,4361.47,5826.75,8188.15,16577.67,53161.16,2561.17,2869.02,3146.33,3493.5,3632.39,4322.02,4610.53,5080.22,8007.64,15438.35,58630.6,3224.92,3538.73,3694.45,4331.31,4499.05,4884.93,5250.97,6269.08,7284.62,15652.55,-0.21,9.74,5.45,6.94,12.73,4.18,15.7,5.71,-12.81,-2.2,-6.87,10.29,25.92,23.34,17.42,23.98,23.86,13.02,13.89,23.4,-9.03,1.39
98,Siquijor,4356.16,228.13,230.22,292.58,293.45,318.75,367.47,431.78,427.6,628.75,1137.44,5008.16,312.68,318.36,303.95,289.61,404.03,404.36,391.38,509.15,747.75,1326.87,5818,381.62,386.59,383.91,433.53,388.04,511.27,534.22,635.92,702.36,1460.55,14.97,37.06,38.29,3.89,-1.31,26.75,10.04,-9.36,19.07,18.93,16.65,16.17,22.05,21.43,26.31,49.69,-3.96,26.44,36.5,24.9,-6.07,10.08
99,,,,,,,,,,,,,,,,,,,,,,,,,,,,,,,,,,,,,,,,,,,,,,,,,,,,,,,,
100,,,,,,,,,,,,,,,,,,,,,,,,,,,,,,,,,,,,,,,,,,,,,,,,,,,,,,,,
101,REGION VII - CENTRAL VISAYAS,317733.85,15803,18981.78,20892.19,22807.58,25424.57,28199.43,32343.73,35992.49,44287.35,73001.72,323373.19,15194.59,18078.03,20443.99,23631.4,25080.86,27961.2,31902.1,38199.15,45559.01,77322.84,366428.72,21044.53,23996.25,25628.03,28455.47,31634.37,32956.22,36185.28,42296.38,48510.65,75721.55,1.77,-3.85,-4.76,-2.15,3.61,-1.35,-0.84,-1.37,6.13,2.87,5.92,13.31,38.5,32.74,25.36,20.41,26.13,17.86,13.43,10.73,6.48,-2.07
102,Bohol,61598.78,3238.27,3668.31,3867.23,3972.82,4272.28,4726.87,5852.82,6523.3,8827.14,16649.74,58389.47,2945.36,3590.47,4133.08,4039.71,4631.19,5039.06,5108.79,6444.34,8757.61,13699.88,64244.59,4001.66,4239.9,4664.39,4781.7,5200.79,5376.28,6183.28,6596.8,8354.28,14845.51,-5.21,-9.05,-2.12,6.87,1.68,8.4,6.6,-12.71,-1.21,-0.79,-17.72,10.03,35.86,18.09,12.86,18.37,12.3,6.69,21.03,2.37,-4.61,8.36
103,Cebu (Excluding the Cities of Cebu  Lapu-Lapu and Mandaue),138700.38,7369.24,8742.34,9750.35,10433.69,11573.36,12639.21,14221.82,15011.34,18052.55,30906.48,140244.37,7018.35,8088.9,9097.36,9868.83,11218.58,11458.74,12687.43,16094.5,19170.94,35540.74,164560.6,10265.43,10939.12,12462.62,12761.73,13702.61,15543.95,15978.06,17955.4,21062.74,33888.93,1.11,-4.76,-7.47,-6.7,-5.41,-3.07,-9.34,-10.79,7.22,6.2,14.99,17.34,46.27,35.24,36.99,29.31,22.14,35.65,25.94,11.56,9.87,-4.65
104,City of Cebu,62828.04,3181.97,3842.86,4188.54,4452.41,5506.31,5757.7,6872.19,7456.84,8517.73,13051.49,60918.79,3397.02,3995.05,4677.28,4611.57,5137.5,6182.56,6072.94,6958.53,7701.29,12185.04,63359.62,4002.43,4667.64,5121.78,5316.87,5601.74,5875.84,6426.62,7040.94,7416.77,11888.99,-3.04,6.76,3.96,11.67,3.57,-6.7,7.38,-11.63,-6.68,-9.59,-6.64,4.01,17.82,16.84,9.5,15.29,9.04,-4.96,5.82,1.18,-3.69,-2.43
105,City of Lapu-Lapu (Opon),29026.09,1439.74,1848.39,1980.88,2391.07,2454.02,2713.82,2805.23,3384.41,4142.5,5866.03,35338.51,1747.25,2177.74,2403.53,2645.53,2811.03,3139.62,3491.81,3731.48,5045.39,8145.14,39238.98,2247.96,2676.16,3034,3129.89,3379.66,3688.41,4114.3,4259.27,5271.66,7437.67,21.75,21.36,17.82,21.34,10.64,14.55,15.69,24.47,10.25,21.8,38.85,11.04,28.66,22.89,26.23,18.31,20.23,17.48,17.83,14.14,4.48,-8.69
106,City of Mandaue ,25580.55,1588.06,1779.86,1853.29,2161.91,2286.24,2385.88,2491.07,2930.04,3032.64,5071.56,28482.06,1739.06,1897.35,2120.46,2176.45,2381,2534.45,2856.82,2902.59,3489.35,6384.52,35024.94,2145.14,2675.05,2861.36,3051.64,3225.31,3366.02,3569.76,3790.49,4182.16,6158,11.34,9.51,6.6,14.42,0.67,4.14,6.23,14.68,-0.94,15.06,25.89,22.97,23.35,40.99,34.94,40.21,35.46,32.81,24.96,30.59,19.86,-3.55
107,,,,,,,,,,,,,,,,,,,,,,,,,,,,,,,,,,,,,,,,,,,,,,,,,,,,,,,,
108,REGION VIII - EASTERN VISAYAS,189091.03,10477.73,11911.08,12691.25,12775.6,14153,15446.34,16129.16,19168.59,26085.44,50252.85,214388.77,10885.93,12722.31,13939.89,14857.58,15824.07,17502.3,18831.81,22207.3,30873.88,56743.69,236960.62,13795.74,15847.17,17015.23,17567.42,18954.71,19832.02,21119.82,23829.87,32258.23,56740.41,13.38,3.9,6.81,9.84,16.3,11.81,13.31,16.76,15.85,18.36,12.92,10.53,26.73,24.56,22.06,18.24,19.78,13.31,12.15,7.31,4.48,-0.01
109,Eastern Samar,18670.54,1174.88,1244.67,1363.19,1403.69,1570.78,1517.5,1537.16,1909,2386.18,4563.5,21069.98,1081.42,1144.2,1283.92,1399.81,1527.92,1643.68,1918.4,2339.32,3349.29,5382.03,26427.42,1683.68,1869.75,2055.3,2039.44,2004.93,2219.38,2314.64,2748.3,3457.23,6034.78,12.85,-7.95,-8.07,-5.82,-0.28,-2.73,8.31,24.8,22.54,40.36,17.94,25.43,55.69,63.41,60.08,45.69,31.22,35.03,20.65,17.48,3.22,12.13
110,Leyte (Excluding City of Tacloban),74120.48,4191.36,4902.35,4953.11,4802.61,5650.59,6027.21,6490.09,7169.49,9885.22,20048.45,89142.54,4439.84,5119.79,5737.49,6200.12,5961.99,7488.35,7885.02,9271.66,12752.46,24285.82,99936.93,5728.59,6595.73,7018.28,7602.86,7825.14,8237,8933.6,9666.16,13952.78,24376.78,20.27,5.93,4.44,15.84,29.1,5.51,24.24,21.49,29.32,29.01,21.14,12.11,29.03,28.83,22.32,22.62,31.25,10,13.3,4.25,9.41,0.37
111,City of Tacloban,15632.62,739.02,830.2,959.19,999.19,1085.18,1195.18,1574.02,1990.45,2415.65,3844.56,17192.61,781.91,897.46,981.31,1020.45,1083.83,1380.08,1560.91,2113.06,2690.19,4683.4,17292.93,936.26,1059.26,1152.55,1213.43,1268.83,1472.42,1577.88,2112.8,2505.66,3993.83,9.98,5.8,8.1,2.31,2.13,-0.12,15.47,-0.83,6.16,11.37,21.82,0.58,19.74,18.03,17.45,18.91,17.07,6.69,1.09,-0.01,-6.86,-14.72
112,Northern Samar,22868.03,1324.08,1376.72,1544.38,1622.93,1628.48,1854.85,1951.08,2220.23,3135.73,6209.54,24186.5,1358.84,1601.59,1735.3,1838.24,1965.48,2046.8,2039.73,2192.8,3195.1,6212.64,25733.69,1649.28,1844.13,1932.26,2168.71,2194.26,2323.17,2395.69,2728.16,3196.02,5302.01,5.77,2.63,16.33,12.36,13.27,20.69,10.35,4.54,-1.24,1.89,0.05,6.4,21.37,15.14,11.35,17.98,11.64,13.5,17.45,24.41,0.03,-14.66
113,Samar (Western Samar),30810.19,1724.7,2048.12,2223.61,2189.54,2235.52,2555.9,3060.17,2876.26,4215.93,7680.44,34055.13,1826.37,2198.75,2418.43,2653.66,2822.48,2843.31,3113.65,3565.14,4245.76,8367.57,35121.37,2091.77,2420.6,2572.24,2774.33,2851.84,2990.85,2967.33,3432.83,4442.7,8576.88,10.53,5.89,7.35,8.76,21.2,26.26,11.24,1.75,23.95,0.71,8.95,3.13,14.53,10.09,6.36,4.55,1.04,5.19,-4.7,-3.71,4.64,2.5
114,Southern Leyte,17711.54,1065.83,1228.16,1316.27,1369.71,1313.57,1456.56,1532.43,1864.14,2485.07,4079.81,19655.9,1147.56,1305.8,1393.51,1471.41,1498.09,1645.47,1763.62,2196.36,2701.99,4532.1,22651.62,1533.44,1535.41,1776.76,1768.62,1876.13,1836.34,2049.32,2336.57,2990.27,4948.77,10.98,7.67,6.32,5.87,7.42,14.05,12.97,15.09,17.82,8.73,11.09,15.24,33.63,17.58,27.5,20.2,25.23,11.6,16.2,6.38,10.67,9.19
115,Biliran,9277.63,499.8,579.38,598.51,607.95,638.53,674.94,776.94,914.38,1271.42,2715.78,9086.1,442.84,526.26,572.98,569.01,653.4,729.77,815.3,901.08,1434.08,2441.39,9796.66,603.83,663.96,684.97,711.29,725.98,717.57,816.43,1031.47,1398.21,2442.94,-2.06,-11.4,-9.17,-4.27,-6.41,2.33,8.12,4.94,-1.45,12.79,-10.1,7.82,36.36,26.17,19.54,25,11.11,-1.67,0.14,14.47,-2.5,0.06
116,,,,,,,,,,,,,,,,,,,,,,,,,,,,,,,,,,,,,,,,,,,,,,,,,,,,,,,,
117,REGION IX - ZAMBOANGA PENINSULA,136256.38,7470.65,8435.24,9466.17,9607.43,10170.98,11389.28,12378.42,13557.75,19068.39,34712.05,145413.58,7387.41,8897.06,9752.8,10260.93,11226.33,12262.69,13106.35,15351.83,20205.79,36962.38,180240.2,9591.57,11214.88,12332.91,12984.99,14334.82,15390.22,17235.29,19229.71,23475.4,44450.42,6.72,-1.11,5.47,3.03,6.8,10.38,7.67,5.88,13.23,5.96,6.48,23.95,29.84,26.05,26.46,26.55,27.69,25.5,31.5,25.26,16.18,20.26
118,Zamboanga Del Norte,34991.27,1855.11,2136.4,2197.52,2479.74,2546.99,2617.92,3150.97,3443.43,4767.86,9795.32,37444.61,1983.74,2305.93,2402.21,2462.65,2582.78,2727.91,3020.22,3617.49,5179.92,11161.75,46661.26,2858.5,2979.5,3375.67,3524.82,3598.66,3775.43,3872.2,4455.27,5342.42,12878.8,7.01,6.93,7.94,9.31,-0.69,1.41,4.2,-4.15,5.05,8.64,13.95,24.61,44.1,29.21,40.52,43.13,39.33,38.4,28.21,23.16,3.14,15.38
119,Zamboanga Del Sur (Excluding City of Zamboanga),31026.98,1988.79,2229.2,2234.34,2553.46,2375.76,2492.84,2708.17,2903.95,3863.15,7677.31,38179.24,1919.06,2238.3,2532.98,2759.26,2882.02,3243.48,3464.5,3920.53,5335.02,9884.11,38077.71,2021.14,2450.47,2719.52,2646.7,2822.59,3159.03,3263.89,3795.34,5214.35,9984.69,23.05,-3.51,0.41,13.37,8.06,21.31,30.11,27.93,35.01,38.1,28.74,-0.27,5.32,9.48,7.36,-4.08,-2.06,-2.6,-5.79,-3.19,-2.26,1.02
120,City of Zamboanga,44186.38,2945.79,2937.65,3310.75,3453.58,3342.39,3660.34,3968.62,4829.6,6013.95,9723.7,40546.94,2759.88,2976.43,3210.91,3209.54,3445.31,3814.04,3840.81,4349.6,5111.82,7828.6,55249.61,3694.81,4176.31,4526.53,4611.74,4834.44,5262.88,5118.29,5746.99,6633.78,10643.83,-8.24,-6.31,1.32,-3.02,-7.07,3.08,4.2,-3.22,-9.94,-15,-19.49,36.26,33.88,40.31,40.97,43.69,40.32,37.99,33.26,32.13,29.77,35.96
121,Zamboanga Sibugay,22133.77,1341.08,1425.72,1476.14,1651.89,1589.88,1743.82,1800.62,2090.32,2872.89,6141.4,25359.47,1291.96,1539.71,1494.37,1704.29,1751.51,1902.59,2215.47,2392.47,3387.91,7679.2,34210,1944.7,2152.13,2237.5,2286.33,2398.07,2594.09,2982.42,3490.63,4559.53,9564.59,14.57,-3.66,8,1.23,3.17,10.17,9.1,23.04,14.45,17.93,25.04,34.9,50.52,39.78,49.73,34.15,36.91,36.35,34.62,45.9,34.58,24.55
122,Isabela City,3917.99,270.44,284.33,284.49,301.92,287.48,316.93,325.21,399.21,602.77,845.19,3883.32,282.17,301.52,332.28,355.74,347.22,367.97,376.99,363.57,520.71,635.15,6041.62,437.07,440.59,465.35,497.02,477.91,496.01,552.09,680.62,799.83,1195.13,-0.88,4.34,6.05,16.8,17.83,20.78,16.1,15.92,-8.93,-13.61,-24.85,55.58,54.89,46.12,40.05,39.71,37.64,34.8,46.45,87.21,53.61,88.16
123,,,,,,,,,,,,,,,,,,,,,,,,,,,,,,,,,,,,,,,,,,,,,,,,,,,,,,,,
124,REGION X - NORTHERN MINDANAO,195666.09,10499.88,11591.12,12301.47,13186.52,14409.78,15962.75,18214.26,20954.3,28072.69,50473.31,209249.85,10101.51,12375.52,13485.99,14764.31,15739.21,17203.44,19861.62,22465.34,30001.65,53251.26,250318.22,13585.36,15858.68,17347.07,18481.48,19783.97,20908.24,23634,26781.32,33002.6,60935.49,6.94,-3.79,6.77,9.63,11.97,9.23,7.77,9.04,7.21,6.87,5.5,19.63,34.49,28.15,28.63,25.18,25.7,21.54,18.99,19.21,10,14.43
125,Bukidnon,46405.03,2813.17,3095.73,3109.78,3390.31,3575.5,3882.33,4188.04,5072.26,5844.86,11433.05,52078.82,2622.59,3172.6,3414.23,3401.32,3828.84,4458.99,4690.4,5734.09,7198.92,13556.83,54113.81,3599.78,3769.35,4263.33,4385.69,4708.88,4970.55,5366.2,5573.95,6421.05,11055.04,12.23,-6.77,2.48,9.79,0.32,7.09,14.85,12,13.05,23.17,18.58,3.91,37.26,18.81,24.87,28.94,22.98,11.47,14.41,-2.79,-10.81,-18.45
126,Camiguin,4097.34,227.26,278.82,285.44,292.56,313.85,358.1,435.18,439.98,538.14,928.02,4501.33,212.46,278.43,322.72,295.89,334.84,365.62,388.79,471.97,630.37,1200.24,5169.83,312.71,369.54,355.52,398.39,411,418.02,493.12,519.52,751.57,1140.43,9.86,-6.51,-0.14,13.06,1.14,6.69,2.1,-10.66,7.27,17.14,29.33,14.85,47.19,32.72,10.16,34.64,22.75,14.33,26.83,10.08,19.23,-4.98
127,Lanao Del Norte (Excluding City of Iligan),20314.06,1473.57,1504.49,1601.35,1572.44,1683.62,1715.37,1721.86,1918,2416.49,4706.87,18950.7,1198.99,1350.29,1435.79,1486.67,1498.45,1650.68,1754.72,2048.68,2292.41,4234.02,30848.2,1727.81,1937.29,2086.05,2208.17,2477.78,2312.46,2605.58,3047.05,4016.84,8429.17,-6.71,-18.63,-10.25,-10.34,-5.45,-11,-3.77,1.91,6.81,-5.13,-10.05,62.78,44.11,43.47,45.29,48.53,65.36,40.09,48.49,48.73,75.22,99.08
128,City of Iligan,16464.45,795.32,972.71,1084.43,1144.13,1389.15,1393.9,1677.72,1883.87,2378.24,3744.97,16232.7,855.3,1022.46,1108.62,1219.85,1246.38,1517.42,1692.35,1824.65,2273.52,3472.15,23660.49,1071.8,1515.14,1481,1680.22,1724.16,2098.99,2303.63,2600.81,3364.22,5820.53,-1.41,7.54,5.11,2.23,6.62,-10.28,8.86,0.87,-3.14,-4.4,-7.28,45.76,25.31,48.19,33.59,37.74,38.33,38.33,36.12,42.54,47.97,67.63
129,Misamis Occidental,24605.27,1405.83,1533.3,1683.27,1704.05,1806.54,2030.49,2079.72,2586.64,3605.62,6169.81,30276.61,1682.16,1999.74,2084.68,2430.13,2218.41,2329.23,2578.41,3025.9,4111.64,7816.3,35931.04,1754.37,2231.35,2225.73,2457.26,2647.7,2794.28,2941.28,3596.92,5126.02,10156.15,23.05,19.66,30.42,23.85,42.61,22.8,14.71,23.98,16.98,14.03,26.69,18.68,4.29,11.58,6.77,1.12,19.35,19.97,14.07,18.87,24.67,29.94
130,Misamis Oriental (Excluding City of Cagayan de Oro),35990.13,1925.34,2210.39,2363.13,2612.26,2848.07,3110.4,3607.99,3813.51,4808.89,8690.14,38093.25,2056.75,2480.03,2627.37,2834.48,3056.02,3208.08,3628.22,3917.64,5012.46,9272.21,46424.49,2956.09,3253.8,3465.3,3527.93,3919.98,3900,4337.17,4850.83,6214.03,9999.36,5.84,6.83,12.2,11.18,8.51,7.3,3.14,0.56,2.73,4.23,6.7,21.87,43.73,31.2,31.89,24.46,28.27,21.57,19.54,23.82,23.97,7.84
131,City of Cagayan de Oro,47789.81,2112.08,2582.48,2904.43,3168.45,3695.92,4017.91,4661.85,5454.02,7087.23,12105.43,49116.43,2507.89,2790.54,3037.47,3329.96,3985.06,4287.48,5183.77,5605.94,7088.85,11299.48,54170.34,3143.71,3528.33,3905.86,3988.38,4421.62,5231.44,5187.45,5735.79,6752.54,12275.22,2.78,18.74,8.06,4.58,5.1,7.82,6.71,11.2,2.79,0.02,-6.66,10.29,25.35,26.44,28.59,19.77,10.95,22.02,0.07,2.32,-4.74,8.64
132,,,,,,,,,,,,,,,,,,,,,,,,,,,,,,,,,,,,,,,,,,,,,,,,,,,,,,,,
133,REGION XI - DAVAO REGION,246090.74,12528.29,14914.28,17031.41,17855.58,20234.98,21721.77,24302.94,28202.12,35109.8,54189.56,256249.82,13004.76,15943.96,17632.46,18645.25,20455.73,22102.44,24235.71,28454.59,35361.35,60413.57,300246.1,16312.05,19566.39,20814.9,22666.2,24691.34,26240.33,28994.74,33254.06,41106.66,66599.42,4.13,3.8,6.9,3.53,4.42,1.09,1.75,-0.28,0.9,0.72,11.49,17.17,25.43,22.72,18.05,21.57,20.71,18.72,19.64,16.87,16.25,10.24
134,Davao Del Norte,45719.27,2764.48,3420.62,3477.33,3958.75,3858.86,4215.47,4409.27,5156.41,5372.22,9085.85,45932.28,2668.53,3263.93,3456.47,3659.85,3988.57,3955.03,4506.15,4729.97,5787.92,9915.86,57132.86,3517.73,4257.83,4496.54,5011.69,5133.46,5182.23,5812.74,6242.23,6986.82,10491.58,0.47,-3.47,-4.58,-0.6,-7.55,3.36,-6.18,2.2,-8.27,7.74,9.14,24.38,31.82,30.45,30.09,36.94,28.7,31.03,29,31.97,20.71,5.81
135,Davao Del Sur (Excluding City of Davao),27518.29,1648.56,1859.07,2037.43,1948.96,2325.56,2326.39,2592.09,2822.78,3546.87,6410.58,32004.2,1679.77,2045.79,2265.48,2457,2562.43,2748.83,2976.63,3164.63,4050.46,8053.17,39081.79,2339.66,2742.19,2920.8,2854.69,3281.39,3444.64,3608.81,3869.89,5112.15,8907.58,16.3,1.89,10.04,11.19,26.07,10.19,18.16,14.84,12.11,14.2,25.62,22.11,39.28,34.04,28.93,16.19,28.06,25.31,21.24,22.29,26.21,10.61
136,City of Davao,115766.66,5996.51,7436.08,8741.87,8961.95,9850.58,10853.77,11690.2,13479.87,15742.81,23013.02,119440.92,6206.55,7426.59,8215.25,8737.47,9523.15,10270.41,12054.63,14079.69,15399.15,27528.04,134552.91,5850.91,7599.71,8952.48,10553.61,11255.05,12263,13499.08,16279,17281.31,31018.75,3.17,3.5,-0.13,-6.02,-2.5,-3.32,-5.37,3.12,4.45,-2.18,19.62,12.65,-5.73,2.33,8.97,20.79,18.19,19.4,11.98,15.62,12.22,12.68
137,Davao Oriental,22532.51,1588.66,1640.82,1795.43,1769.28,1746.85,1839.7,1952.81,2202.56,2920.08,5076.33,22028.94,1507.38,1754.98,1778.74,1741.49,1723.62,1886.25,1944.4,2162.56,2588.53,4940.99,24348.25,1904.5,1937.54,2051.29,1994.64,2144.12,2052.46,2188.88,2419.96,2807.36,4847.5,-2.23,-5.12,6.96,-0.93,-1.57,-1.33,2.53,-0.43,-1.82,-11.35,-2.67,10.53,26.35,10.4,15.32,14.54,24.4,8.81,12.57,11.9,8.45,-1.89
138,Davao De Oro,25543.53,1664.68,1880.67,1937.66,2095.05,2147.67,2499.53,2526.04,2740.22,2965.17,5086.84,26202.86,1642.6,1804.69,2070.73,2087.86,2329.05,2548.47,2608.59,2550.78,3457.47,5102.63,32208.53,2197.25,2361.61,2543.4,2620.1,2731.13,2689.56,2767.15,3253.89,3850.74,7193.71,2.58,-1.33,-4.04,6.87,-0.34,8.45,1.96,3.27,-6.91,16.6,0.31,22.92,33.77,30.86,22.83,25.49,17.26,5.54,6.08,27.56,11.37,40.98
139,Davao Occidental,9010.49,587.56,692.84,640.34,745.33,795.01,763.93,844.25,873.3,1076.7,1991.24,10640.62,564.54,672.25,759.59,860.65,862.78,909.63,992.72,1037.47,1333.25,2647.76,12921.76,807.75,968.27,975.03,1025.91,1122.33,1170.59,1174.47,1185.36,1543.33,2948.72,18.09,-3.92,-2.97,18.62,15.47,8.52,19.07,17.59,18.8,23.83,32.97,21.44,43.08,44.04,28.36,19.2,30.08,28.69,18.31,14.25,15.76,11.37
140,,,,,,,,,,,,,,,,,,,,,,,,,,,,,,,,,,,,,,,,,,,,,,,,,,,,,,,,
141,REGION XII - SOCCSKSARGEN1/,194303.98,10077.56,12540.78,14172.38,14479.94,16443.78,17827.94,18613.21,21559.24,26289.22,42299.94,198493.8,10045.32,11506.72,13030.8,14270.08,15291.14,16715.09,18658.88,22536.38,26833.4,49605.99,230268.47,13051.38,14572.84,15567.47,16959.46,18066.32,19534.43,22201.42,25566.12,29111.82,55637.21,2.16,-0.32,-8.25,-8.05,-1.45,-7.01,-6.24,0.25,4.53,2.07,17.27,16.01,29.92,26.65,19.47,18.85,18.15,16.87,18.99,13.44,8.49,12.16
142,Cotabato (North Cotabato),61537.42,3460.92,4109.97,4761.69,4674.82,5330.03,5732.95,5813.14,6796.1,8197.91,12659.89,64919.28,3775.54,4113.84,4361.14,4845.81,5083.3,5430.33,6065.13,7484.47,8714.27,15045.46,73910.76,4297.15,5008.28,5012.33,5710.32,5806.05,6033.77,7146.23,8008.44,9147.15,17741.04,5.5,9.09,0.09,-8.41,3.66,-4.63,-5.28,4.33,10.13,6.3,18.84,13.85,13.82,21.74,14.93,17.84,14.22,11.11,17.82,7,4.97,17.92
143,South Cotabato (Excluding City of General Santos),48307.77,2469.46,2940.79,3307.95,3784.1,3827.61,4386.21,4556.99,5286.47,6695.19,11053,49702.25,2013.19,2595.91,3103.17,3379.06,3813.35,4441.75,5069.73,5130.22,7049.98,13105.89,53683.65,2858.1,3317.55,3768.35,4096.51,4414.43,4681.05,5009.85,5969.41,6590.66,12977.74,2.89,-18.48,-11.73,-6.19,-10.7,-0.37,1.27,11.25,-2.96,5.3,18.57,8.01,41.97,27.8,21.44,21.23,15.76,5.39,-1.18,16.36,-6.52,-0.98
144,City of General Santos (Dadiangas),36298.55,2044.67,2448.2,2736.06,2999.62,3051.59,3201.13,3446.87,4059.73,5040.62,7270.07,33775.44,1750.47,2099.72,2205.43,2453.16,2683.82,3024.62,3203.93,3568.33,4689.12,8096.85,42106.89,2445.76,2794.6,3168.66,3052.02,3508.27,3768.58,4307.81,4459.24,5691.26,8910.69,-6.95,-14.39,-14.23,-19.39,-18.22,-12.05,-5.51,-7.05,-12.1,-6.97,11.37,24.67,39.72,33.09,43.68,24.41,30.72,24.6,34.45,24.97,21.37,10.05
145,Sultan Kudarat,29873.57,1944.15,2263.39,2369.36,2440.78,2308.16,2837.13,2782.41,3155.94,3915.99,5856.25,30359.73,1647.11,1819.31,2028.43,2367.03,2389.06,2457.83,2747.63,3237.84,4535.79,7129.71,36586.14,2059.53,2393.34,2560.78,2764.62,2771.62,2974.88,3278.69,3933.71,4516.03,9332.95,1.63,-15.28,-19.62,-14.39,-3.02,3.5,-13.37,-1.25,2.59,15.83,21.75,20.51,25.04,31.55,26.24,16.8,16.01,21.04,19.33,21.49,-0.44,30.9
146,Sarangani,18286.670165227195,935.8320028741002,1138.6729291878,1302.1737966003,1454.2580577035,1536.2048883185998,1725.5487544393006,1844.9991378610998,2027.2890308728001,2336.1961301586994,3985.4954372110005,19737.09,1094.59,1203.9,1394.53,1495.54,1634.86,1650.59,1844.46,1981.31,2346.51,5090.8,23981.03,1444.93,1702.96,1788.69,1936.43,2065.17,2062.79,2230.74,2557.17,3309.79,4882.38,7.9315688513419635,16.964369313971606,5.728341224264066,7.092463666587556,2.838694417254284,6.42200219720559,-4.344053116230717,-0.029221577942029064,-2.268005704791143,0.4414813340436474,27.73317847686405,21.5,32.01,41.45,28.26,29.48,26.32,24.97,20.94,29.06,41.05,-4.09
147,,,,,,,,,,,,,,,,,,,,,,,,,,,,,,,,,,,,,,,,,,,,,,,,,,,,,,,,
148,CARAGA,115658.98,6216.6,7222.8,7831.7,8287.44,8697.75,9244.48,10358.61,11725.79,14872.88,31200.93,131595.08,6560.33,7729.18,8161.8,8827.73,9592.98,10612.4,11644.34,13386.37,18602.14,36477.82,147924.17,8649.32,9921.25,10631.84,11449.64,12064.54,12684.39,13493.25,15501.77,19053.42,34474.77,13.78,5.53,7.01,4.21,6.52,10.29,14.8,12.41,14.16,25.07,16.91,12.41,31.84,28.36,30.26,29.7,25.76,19.52,15.88,15.8,2.43,-5.49
149,Agusan Del Norte (Excluding City of Butuan),13787.44,787.25,935.59,998.62,1006.15,1051.75,1232.67,1258.14,1529.54,1714.07,3273.67,17452.02,858.56,1054.17,1162.05,1174.72,1281.72,1411.55,1683.73,1753.88,2471.94,4599.7,19890.87,1127.49,1339.07,1386.18,1606.33,1720.5,1763.71,2017.2,2117.46,2633.68,4179.26,26.58,9.06,12.67,16.37,16.75,21.87,14.51,33.83,14.67,44.21,40.51,13.97,31.32,27.03,19.29,36.74,34.23,24.95,19.81,20.73,6.54,-9.14
150,City of Butuan,19272.17,888.45,1008.67,1218.53,1292.55,1362.48,1654.94,1779.33,2132.73,2815.64,5118.85,22613.58,914.57,1094.27,1226.17,1387.24,1649.23,1882.26,2079.09,2421.21,3614.8,6344.73,26530.54,1168.31,1453.08,1742.81,1856.36,1967.95,2086.14,2644.4,3330.31,3882.56,6398.62,17.34,2.94,8.49,0.63,7.33,21.05,13.74,16.85,13.53,28.38,23.95,17.32,27.74,32.79,42.13,33.82,19.33,10.83,27.19,37.55,7.41,0.85
151,Agusan Del Sur,28776.45,1543.57,1775.32,1884.62,1966.03,2213.63,2264.33,2454.63,2720.11,3599.26,8354.95,33845.62,1753.29,2067.45,2044.72,2298.92,2475.96,2739.31,3018.23,3359.98,4245.84,9841.92,36547.57,2174.36,2515.58,2668.02,2745.61,2947.5,3113.44,3410.48,3503.38,4503.23,8965.97,17.62,13.59,16.46,8.5,16.93,11.85,20.98,22.96,23.52,17.96,17.8,7.98,24.02,21.68,30.48,19.43,19.04,13.66,13,4.27,6.06,-8.9
152,Surigao Del Norte,24176.44,1346.33,1639.61,1621.83,1727.37,1952.79,1924.72,2190.52,2459.87,2974.85,6338.57,25096.43,1349.01,1506.46,1663.62,1761.66,1893.78,2014.78,2134.82,2626.96,3581.33,6564,28490.54,1632.42,1827.01,2147.29,2107.13,2379.21,2295.8,2633.98,2911.98,3831.65,6724.09,3.81,0.2,-8.12,2.58,1.99,-3.02,4.68,-2.54,6.79,20.39,3.56,13.52,21.01,21.28,29.07,19.61,25.63,13.95,23.38,10.85,6.99,2.44
153,Surigao Del Sur,25109.18,1468.87,1646.85,1850.37,1765.7,1844.9,2101.41,2172.72,2488,3081.76,6688.59,27979.54,1470.23,1714.89,1749.87,2000.44,2137.04,2170.26,2394.72,2815.37,3964.35,7562.37,31093.45,2271.51,2360.47,2517.49,2654.14,2776.87,2744.17,3018.1,3091.47,3630.03,6029.21,11.43,0.09,4.13,-5.43,13.29,15.84,3.28,10.22,13.16,28.64,13.06,11.13,54.5,37.65,43.87,32.68,29.94,26.44,26.03,9.81,-8.43,-20.27
154,Dinagat Islands,4537.3,288.69,359.66,351.75,377.02,364.33,396.75,372.81,410.58,546.88,1068.82,4607.89,228.18,290.18,261.55,328.71,335.63,373.37,432.73,484.45,590.88,1282.21,5371.21,318.04,366.86,391.43,408.08,409.85,486.98,504.53,545.19,665.57,1274.69,1.56,-20.96,-19.32,-25.64,-12.81,-7.88,-5.89,16.07,17.99,8.05,19.97,16.57,39.38,26.42,49.66,24.14,22.11,30.43,16.59,12.54,12.64,-0.59
155,,,,,,,,,,,,,,,,,,,,,,,,,,,,,,,,,,,,,,,,,,,,,,,,,,,,,,,,
156,BARMM - BANGSAMORO AUTONOMOUS REGION IN MUSLIM MINDANAO (includes the 63 barangays from Cotabato for 2023)2/,93993.4,8155.55,8567.08,8366.68,8475.19,8624.17,8700.86,8744.6,9063.63,10090.02,15205.63,116020.07,7683.1,8727.47,9777.25,10843.97,11354.88,11673.42,12275.58,12136.83,12669.29,18878.28,141398.46,10893.33,12114.05,13801.65,13681.28,14325.67,14183.07,13798.37,14130.29,14651.1,19819.64,23.43,-5.79,1.87,16.86,27.95,31.66,34.16,40.38,33.91,25.56,24.15,21.87,41.78,38.8,41.16,26.16,26.16,21.5,12.41,16.42,15.64,4.99
157,Basilan,7825.78,647.09,666.38,661.31,732.87,704.39,686.64,748.02,739.67,892.1,1347.31,8107.23,588.88,631.65,652.66,670.32,709.23,751.53,725.51,765.16,885.28,1727.02,10806.99,995.51,963.4,1004.48,1080.99,1000.88,1062.51,979.32,1019.8,1118.53,1581.57,3.6,-9,-5.21,-1.31,-8.53,0.69,9.45,-3.01,3.45,-0.76,28.18,33.3,69.05,52.52,53.91,61.26,41.12,41.38,34.98,33.28,26.35,-8.42
158,Lanao Del Sur,22552.25,1896.36,2010.46,2071.4,1984.65,2052.65,2159.97,2126.11,2103.75,2356.99,3789.91,38861.19,3871.95,4077.21,3839.47,3768.46,3843.16,3840.32,3618.37,3608.16,3583.64,4810.44,40314.17,3797.53,3919.63,3808.58,3778.6,3814.46,3642.4,3560.83,3742.08,3933.59,6316.48,72.32,104.18,102.8,85.36,89.88,87.23,77.8,70.19,71.51,52.04,26.93,3.74,-1.92,-3.86,-0.8,0.27,-0.75,-5.15,-1.59,3.71,9.77,31.31
159,Maguindanao ,29572.52491331862,2474.9351172368,2665.010379045199,2655.9837318175,2649.5384947914,2862.5624193978006,2933.2072757036,2864.6397822776994,2806.5133770563,3179.3151090764,4480.8192269159,30507.11,2250.77,2516.38,2526.3,2659.3,2863.34,2881.08,3063.22,3058.89,3285.29,5402.55,35382.66,3148.95,3273.29,3241.24,3356.39,3439.23,3455.46,3438.99,3509.11,3655.75,4864.25,3.16,-9.06,-5.58,-4.88,0.37,0.03,-1.78,6.93,8.99,3.33,20.57,15.98,39.91,30.08,28.3,26.21,20.11,19.94,12.27,14.72,11.28,-9.96
160,Maguindanao del Norte,,,,,,,,,,,,,,,,,,,,,,,18247.02,1662.01,1721.97,1717.93,1770.73,1823.24,1762.62,1816.49,1814.82,1835.63,2321.58,,,,,,,,,,,,,,,,,,,,,,
161,Maguindanao del Sur,,,,,,,,,,,,,,,,,,,,,,,17135.64,1486.94,1551.33,1523.3,1585.66,1615.99,1692.84,1622.49,1694.3,1820.12,2542.67,,,,,,,,,,,,,,,,,,,,,,
162,Sulu,15861.54,1752.63,1691.05,1626.84,1609.2,1604.51,1544.4,1480.72,1470.96,1427.67,1653.55,17810.09,1516.08,1788.67,1760.05,1816.94,1754.48,1787.12,1729.38,1695.91,1787.39,2174.07,25684.03,2222.67,2416.15,2355.71,2374.13,2407.44,2253.53,2599.46,2613.72,2866.55,3574.68,12.28,-13.5,5.77,8.19,12.91,9.35,15.72,16.79,15.29,25.2,31.48,44.21,46.61,35.08,33.84,30.67,37.22,26.1,50.31,54.12,60.38,64.42
163,Tawi-Tawi,7472.14,783.27,727.42,679.94,704.41,676.21,674.75,670.62,716.19,815.79,1023.55,9000.08,715.09,798.66,780.96,819.05,855.06,868.2,864.98,947.16,982.04,1368.89,8917.56,735.87,787.98,815.4,888.5,899.54,915.5,889.86,966.87,978.09,1039.96,20.45,-8.7,9.79,14.86,16.28,26.45,28.67,28.98,32.25,20.38,33.74,-0.92,2.91,-1.34,4.41,8.48,5.2,5.45,2.88,2.08,-0.4,-24.03
164,Cotabato City,10709.158351205002,825.5517703881001,838.201325351,898.7046586606002,902.5092185762999,872.3705787449,923.1382696487,980.8768677614001,1174.5961800457997,1369.8334634413,1923.3760185869003,11734.37,782.01,839.55,860.47,981.55,1018.94,1024.11,1044.24,1191.32,1377.79,2614.39,13286.8,1058.4,1134.59,1155.6,1138.69,1165.28,1241.68,1241.09,1421.76,1487.26,2242.44,9.573223358674499,-5.274262856662604,0.1609010399065136,-4.25441865602253,8.75789186379572,16.80127973435017,10.937877203349466,6.459845707566747,1.42379315021679,0.5808396984777753,35.927139297535064,13.229768619874772,35.34353780642192,35.142635935918044,34.29869722361034,16.00937293056901,14.361984022611729,21.244788157522155,18.8510304144641,19.343249504751036,7.945332743015987,-14.227028102157668
165,"Source: Family Income and Expenditure Survey, Philippine Statistics Authority",,,,,,,,,,,,,,,,,,,,,,,,,,,,,,,,,,,,,,,,,,,,,,,,,,,,,,,
166,,,,,,,,,,,,,,,,,,,,,,,,,,,,,,,,,,,,,,,,,,,,,,,,,,,,,,,,
167,Notes:,,,,,,,,,,,,,,,,,,,,,,,,,,,,,,,,,,,,,,,,,,,,,,,,,,,,,,,
168,p - Estimates are preliminary and may change,,,,,,,,,,,,,,,,,,,,,,,,,,,,,,,,,,,,,,,,,,,,,,,,,,,,,,,
169,"1/ The 2018 and 2021 estimates still include the 63 barangays from North Cotabato. Meanwhile, in 2023, these are part of BARMM already. Hence, estimates for 2018 and 2021, and 2023 for Region XII are not comparable.",,,,,,,,,,,,,,,,,,,,,,,,,,,,,,,,,,,,,,,,,,,,,,,,,,,,,,,
170,"2/ The 2018 and 2021 estimates exclude the 63 barangays from North Cotabato, which are now part of BARMM in 2023. Hence, estimates for 2018 and 2021, and 2023 for BARMM are not comparable.",,,,,,,,,,,,,,,,,,,,,,,,,,,,,,,,,,,,,,,,,,,,,,,,,,,,,,,
171,Details may not add up to total due to rounding.,,,,,,,,,,,,,,,,,,,,,,,,,,,,,,,,,,,,,,,,,,,,,,,,,,,,,,,
