per_month_incident_date,incident_category,analysis_neighborhood,count,geolocation_x_axis,geolocation_y_axis
2023-10-01,Larceny Theft,Financial District/South Beach,1,-122.40238189697266,37.79096984863281
2020-05-01,Malicious Mischief,Pacific Heights,1,-122.42597961425781,37.79175567626953
2022-12-01,Offences Against The Family And Children,Mission,2,-122.41748659732667,37.765183133520345
2023-04-01,Drug Offense,Mission,1,-122.4190175437401,37.75220444116967
2022-10-01,Recovered Vehicle,Glen Park,1,-122.42872619628906,37.738502502441406
2025-01-01,Malicious Mischief,Inner Richmond,2,-122.4693603515625,37.7769889831543
2019-06-01,Other,Mission,1,-122.41748809814453,37.76518249511719
2022-07-01,Larceny Theft,Financial District/South Beach,2,-122.38848114013672,37.789573669433594
2023-08-01,Recovered Vehicle,Potrero Hill,1,-122.39797034500758,37.75735922174828
2022-10-01,Assault,Mission,2,-122.41775512695312,37.769813537597656
2018-02-01,Non-Criminal,Sunset/Parkside,1,-122.50983428955078,37.76396942138672
2022-10-01,Lost Property,South of Market,1,-122.40561526782413,37.77850510385514
2024-02-01,Non-Criminal,Bernal Heights,1,-122.41368865966797,37.7347297668457
2018-11-01,Burglary,Russian Hill,1,-122.41275787353516,37.801429748535156
2019-10-01,Non-Criminal,Tenderloin,1,-122.40949752694894,37.78528291631406
2024-05-01,Weapons Offense,Mission,1,-122.41874694824219,37.755435943603516
2020-01-01,Larceny Theft,Marina,1,-122.43604617512675,37.7998429520262
2018-06-01,Larceny Theft,Nob Hill,2,-122.42195129394531,37.788002014160156
2021-07-01,Malicious Mischief,Financial District/South Beach,1,-122.40055526483039,37.790247403765534
2018-10-01,Non-Criminal,Bayview Hunters Point,3,-122.39717687851248,37.72990988256753
2021-08-01,Motor Vehicle Theft,Mission,1,-122.42219543457031,37.76813888549805
2021-06-01,Fraud,Portola,2,-122.41622161865234,37.729583740234375
2020-09-01,Larceny Theft,South of Market,1,-122.41251373291016,37.780479431152344
2019-09-01,Lost Property,Mission,1,-122.41935729980469,37.761837005615234
2023-09-01,Larceny Theft,Financial District/South Beach,1,-122.40291595458984,37.78811264038086
2019-02-01,Non-Criminal,Western Addition,1,-122.43270874023438,37.78329086303711
2024-05-01,Case Closure,Inner Richmond,1,-122.47111511230469,37.7863883972168
2022-06-01,Assault,North Beach,1,-122.4098469542869,37.8037237067947
2018-01-01,Other Miscellaneous,South of Market,1,-122.3998031616211,37.781497955322266
2024-06-01,Suspicious Occ,Bayview Hunters Point,1,-122.38526916503906,37.73530960083008
2020-01-01,Larceny Theft,Nob Hill,1,-122.4200210571289,37.78728103637695
2024-06-01,Larceny Theft,Inner Richmond,1,-122.4612045288086,37.78308868408203
2023-09-01,Traffic Violation Arrest,South of Market,1,-122.40440368339146,37.78107659598018
2019-09-01,Larceny Theft,Western Addition,2,-122.420638250988,37.78196076502422
2023-09-01,Burglary,Sunset/Parkside,1,-122.49186695585036,37.759170166149445
2023-07-01,Robbery,Mission,1,-122.41870880126953,37.74900817871094
2020-04-01,Non-Criminal,Bayview Hunters Point,1,-122.38922119140625,37.73585510253906
2021-12-01,Assault,Financial District/South Beach,1,-122.40081024169922,37.78770065307617
2018-01-01,Other Miscellaneous,Sunset/Parkside,1,-122.49442716687363,37.749705766884105
2024-11-01,Larceny Theft,Mission,1,-122.41960906982422,37.77306365966797
2019-08-01,Larceny Theft,Financial District/South Beach,1,-122.4012245923843,37.79354421162087
2021-07-01,Burglary,Glen Park,1,-122.43768292630257,37.743608582140304
2021-02-01,Motor Vehicle Theft,Noe Valley,1,-122.43424224853516,37.752891540527344
2020-08-01,Fraud,South of Market,1,-122.41513061523438,37.7758903503418
2018-02-01,Larceny Theft,South of Market,6,-122.41315460205078,37.77745819091797
2020-09-01,Larceny Theft,Castro/Upper Market,1,-122.44393157958984,37.75670623779297
2022-08-01,Larceny Theft,Mission,1,-122.41454007204756,37.76860219420493
2024-11-01,Malicious Mischief,Marina,1,-122.4291000366211,37.798858642578125
2020-07-01,Burglary,Pacific Heights,1,-122.42615509033203,37.792633056640625
2018-01-01,Assault,Western Addition,2,-122.43042441598713,37.78071557225048
2018-11-01,Recovered Vehicle,Bayview Hunters Point,1,-122.38680010758642,37.72598566549406
2019-10-01,Assault,Inner Sunset,1,-122.46498107910156,37.76035690307617
2020-02-01,Larceny Theft,Western Addition,1,-122.44021606445312,37.77851104736328
2023-08-01,Other Miscellaneous,Financial District/South Beach,1,-122.40291595458984,37.78811264038086
2022-05-01,Non-Criminal,Lone Mountain/USF,1,-122.44149017333984,37.77643585205078
2021-09-01,Larceny Theft,Russian Hill,1,-122.41576151176727,37.799616464497454
2023-01-01,Assault,Financial District/South Beach,1,-122.39668969554637,37.79046106747903
2018-03-01,Larceny Theft,Western Addition,1,-122.43270618085734,37.78329259065825
2021-02-01,Other Miscellaneous,Bernal Heights,1,-122.41988576485541,37.74559509558596
2022-11-01,Larceny Theft,Marina,1,-122.43187420406117,37.8042446078729
2020-03-01,Larceny Theft,Noe Valley,1,-122.43645426700489,37.75275957200619
2024-07-01,Assault,Hayes Valley,1,-122.42375946044922,37.77295684814453
2018-05-01,Non-Criminal,Bernal Heights,1,-122.423583984375,37.73988342285156
2021-04-01,Other Miscellaneous,Financial District/South Beach,1,-122.39779663085938,37.79443359375
2023-02-01,Warrant,Mission,1,-122.41920604493745,37.7602353540718
2021-10-01,Larceny Theft,Bayview Hunters Point,1,-122.39183067038529,37.73922797567673
2021-11-01,Other,Oceanview/Merced/Ingleside,1,-122.45608520507812,37.71662902832031
2021-08-01,Miscellaneous Investigation,Tenderloin,1,-122.41645050048828,37.786312103271484
2019-04-01,Assault,North Beach,1,-122.41771697998047,37.807979583740234
2019-03-01,Disorderly Conduct,Tenderloin,1,-122.41095161908784,37.78414101130419
2022-12-01,Recovered Vehicle,Tenderloin,1,-122.41694760620521,37.780470340397024
2021-08-01,Malicious Mischief,South of Market,1,-122.41261291503906,37.77702713012695
2023-08-01,Malicious Mischief,Lincoln Park,2,-122.4998705718611,37.781327195293386
2021-09-01,Recovered Vehicle,Outer Mission,1,-122.45077350478651,37.712335702906174
2021-03-01,Non-Criminal,Chinatown,1,-122.40880813007246,37.798571322794096
2022-02-01,Recovered Vehicle,Hayes Valley,1,-122.43927764892578,37.77384567260742
2022-03-01,Stolen Property,Mission,1,-122.42169189453125,37.762916564941406
2018-07-01,Non-Criminal,Chinatown,1,-122.40406799316406,37.79606246948242
2023-09-01,Malicious Mischief,Mission,2,-122.41874694824219,37.755435943603516
2020-08-01,Non-Criminal,South of Market,2,-122.40474700927734,37.7742805480957
2021-10-01,Robbery,Castro/Upper Market,1,-122.4351879633321,37.76267070626061
2024-04-01,Malicious Mischief,Oceanview/Merced/Ingleside,1,-122.46443939208984,37.71792221069336
2020-04-01,Larceny Theft,Presidio Heights,2,-122.45340664826642,37.78641773044466
2020-07-01,Larceny Theft,Chinatown,1,-122.40726470947266,37.7950439453125
2022-10-01,Larceny Theft,Outer Richmond,2,-122.48380279541016,37.78207778930664
2024-11-01,Suspicious Occ,West of Twin Peaks,1,-122.46537780761719,37.75033187866211
2024-03-01,Burglary,Mission,1,-122.4198226928711,37.76667404174805
2021-12-01,Burglary,Western Addition,2,-122.4418656420479,37.77829955272183
2024-07-01,Larceny Theft,Lakeshore,2,-122.47313690185547,37.71367263793945
2021-02-01,Burglary,Inner Sunset,1,-122.4504165649414,37.76076126098633
2024-05-01,Other Miscellaneous,Pacific Heights,2,-122.42633819580078,37.79351806640625
2019-09-01,Forgery And Counterfeiting,Marina,1,-122.43220428969965,37.797506948421855
2020-05-01,Fraud,Sunset/Parkside,2,-122.48118121642418,37.744681182378415
2019-05-01,Lost Property,Oceanview/Merced/Ingleside,1,-122.46121054867618,37.72494970021032
2022-09-01,Malicious Mischief,South of Market,1,-122.40895080566406,37.783287048339844
2021-11-01,Burglary,Marina,1,-122.44097900390625,37.79921340942383
2020-01-01,Burglary,Financial District/South Beach,1,-122.40640258789062,37.78661346435547
2023-08-01,Malicious Mischief,Outer Richmond,1,-122.47424554120744,37.78437045480409
2018-04-01,Larceny Theft,Castro/Upper Market,3,-122.4268569946289,37.76904296875
2023-01-01,Courtesy Report,Outer Richmond,1,-122.48204896196332,37.772667156194544
2020-02-01,Other Miscellaneous,Lakeshore,2,-122.47593688964844,37.73011779785156
2022-04-01,Larceny Theft,Potrero Hill,1,-122.39312262975965,37.757650784191725
2024-02-01,Vehicle Impounded,Mission,1,-122.41702270507812,37.76036834716797
2020-12-01,Burglary,Noe Valley,2,-122.43606567382812,37.74876022338867
2018-01-01,Lost Property,South of Market,1,-122.41590881347656,37.775272369384766
2021-12-01,Drug Offense,Castro/Upper Market,2,-122.43227951733411,37.76428896385761
2020-01-01,Drug Violation,Tenderloin,2,-122.41386413574219,37.781864166259766
2022-05-01,Non-Criminal,Sunset/Parkside,1,-122.49053434449989,37.75549313113884
2019-12-01,Assault,Haight Ashbury,1,-122.43373107910156,37.77168655395508
2020-07-01,Lost Property,Financial District/South Beach,1,-122.39359716503304,37.787996308614986
2020-01-01,Larceny Theft,Mission,1,-122.42442321777344,37.76863098144531
2022-04-01,Recovered Vehicle,Tenderloin,1,-122.41259527758581,37.7839325760642
2021-10-01,Burglary,Noe Valley,1,-122.43576681711431,37.745549948122736
2024-01-01,Recovered Vehicle,Nob Hill,1,-122.41226959228516,37.790672302246094
2018-06-01,Assault,Inner Richmond,2,-122.46213927941308,37.781110994733616
2018-10-01,Larceny Theft,West of Twin Peaks,1,-122.4662857055664,37.72544479370117
2021-04-01,Other Offenses,Bayview Hunters Point,2,-122.40564673809936,37.73832136115452
2019-04-01,Other Offenses,Castro/Upper Market,1,-122.44016828162763,37.76218657286418
2019-04-01,Burglary,Russian Hill,1,-122.41871826672487,37.80593151858661
2021-11-01,Recovered Vehicle,Bayview Hunters Point,1,-122.38137817382812,37.72573471069336
2021-06-01,Larceny Theft,Tenderloin,1,-122.41613809985034,37.780614965813264
2024-07-01,Other Miscellaneous,Western Addition,1,-122.42302703857422,37.78548049926758
2023-06-01,Malicious Mischief,Financial District/South Beach,1,-122.39869570327996,37.79888096617859
2022-02-01,Lost Property,South of Market,1,-122.4061508178711,37.77808380126953
2019-11-01,Burglary,Hayes Valley,1,-122.42259804363691,37.77502069532915
2023-06-01,Larceny Theft,Hayes Valley,2,-122.4291763305664,37.7741813659668
2025-03-01,Larceny Theft,Nob Hill,1,-122.41555786132812,37.790252685546875
2022-06-01,Larceny Theft,Nob Hill,2,-122.4170150756836,37.78910827636719
2020-07-01,Other Miscellaneous,Sunset/Parkside,1,-122.50056457519531,37.76066207885742
2023-06-01,Larceny Theft,Japantown,3,-122.43136639807875,37.78537264618818
2023-07-01,Other Miscellaneous,Financial District/South Beach,3,-122.40479506275997,37.784908299430455
2020-10-01,Other,Tenderloin,1,-122.41297149658203,37.785789489746094
2024-03-01,Other,Tenderloin,2,-122.41790008544922,37.7851676940918
2022-09-01,Arson,Tenderloin,1,-122.41259765625,37.783931732177734
2023-10-01,Motor Vehicle Theft,North Beach,1,-122.4172592163086,37.807071685791016
2022-04-01,Burglary,Financial District/South Beach,1,-122.40504139998343,37.787765494696465
2020-02-01,Larceny Theft,Marina,1,-122.43746185302734,37.806400299072266
2022-03-01,Arson,Inner Sunset,1,-122.44853210449219,37.7590446472168
2025-03-01,Other Offenses,Outer Richmond,3,-122.48487091064453,37.78202438354492
2023-02-01,Non-Criminal,Western Addition,3,-122.43214416503906,37.780494689941406
2019-10-01,Non-Criminal,Excelsior,2,-122.42607352828963,37.70934710789241
2021-09-01,Other Miscellaneous,Bayview Hunters Point,1,-122.37684631347656,37.74019241333008
2024-12-01,Burglary,Excelsior,1,-122.44025421142578,37.71603775024414
2024-02-01,Arson,nan,1,-122.41349029541016,37.779991149902344
2022-04-01,Assault,Castro/Upper Market,3,-122.43518829345703,37.762672424316406
2018-11-01,Recovered Vehicle,Bayview Hunters Point,1,-122.39780954703679,37.73884664690457
2022-09-01,Recovered Vehicle,West of Twin Peaks,1,-122.46699523925781,37.73309326171875
2021-11-01,Weapons Offense,Oceanview/Merced/Ingleside,1,-122.4634780883789,37.71251678466797
2021-07-01,Larceny Theft,Outer Richmond,1,-122.49209594726562,37.77782440185547
2019-06-01,Non-Criminal,North Beach,1,-122.40715026855469,37.79848861694336
2018-10-01,Fraud,North Beach,1,-122.40547180175781,37.79801559448242
2020-10-01,Other Miscellaneous,Tenderloin,1,-122.40894317626953,37.78629684448242
2018-02-01,Larceny Theft,Western Addition,1,-122.42208679403626,37.780821047158554
2023-09-01,Assault,Mission,1,-122.413770628689,37.74930406746458
2022-08-01,Malicious Mischief,Portola,2,-122.40359497070312,37.72763442993164
2019-08-01,Lost Property,Tenderloin,1,-122.41405376568504,37.78279444506034
2018-03-01,Larceny Theft,Western Addition,1,-122.42137337495188,37.78616615811754
2018-05-01,Assault,Lakeshore,1,-122.47438270575199,37.71750748485157
2019-07-01,Malicious Mischief,Lakeshore,3,-122.47603947349434,37.72694991292525
2025-04-01,Motor Vehicle Theft,Lakeshore,2,-122.47313690185547,37.71367263793945
2019-01-01,Larceny Theft,Oceanview/Merced/Ingleside,1,-122.45919843812825,37.7200241274928
2019-03-01,Larceny Theft,Marina,1,-122.43818664550781,37.80516052246094
2021-06-01,Assault,Mission,1,-122.41607798747275,37.762034000850846
2018-04-01,Fraud,Excelsior,1,-122.44101956350755,37.716459544514585
2018-09-01,Assault,Mission,1,-122.40545654296875,37.754337310791016
2019-06-01,Larceny Theft,Mission,1,-122.42638170958058,37.764645687155834
2021-09-01,Larceny Theft,South of Market,1,-122.40816079455212,37.7805353858225
2023-08-01,Larceny Theft,Tenderloin,1,-122.41694760620521,37.780470340397024
2021-09-01,Lost Property,Outer Richmond,1,-122.50943294181482,37.779851069106634
2023-10-01,Larceny Theft,Chinatown,1,-122.40989875263982,37.795616423642244
2025-04-01,Burglary,Mission,1,-122.42145538330078,37.765750885009766
2019-09-01,Weapons Offense,Financial District/South Beach,2,-122.39833068847656,37.79709243774414
2023-08-01,Non-Criminal,Tenderloin,3,-122.41349029541016,37.779991149902344
2021-06-01,Non-Criminal,Mission Bay,1,-122.39183807373047,37.77812576293945
2022-12-01,Burglary,Bayview Hunters Point,2,-122.4002456665039,37.73927688598633
2021-04-01,Assault,Marina,1,-122.44079814973743,37.7983244153502
2020-05-01,Larceny Theft,Mission,2,-122.41859436035156,37.75383758544922
2023-10-01,Fire Report,South of Market,1,-122.40729522705078,37.77717971801758
2020-07-01,Malicious Mischief,Bayview Hunters Point,1,-122.37493133544922,37.72966003417969
2025-03-01,Warrant,Chinatown,1,-122.40406799316406,37.79606246948242
2024-02-01,Assault,Sunset/Parkside,1,-122.48904418945312,37.764930725097656
2024-03-01,Motor Vehicle Theft,Russian Hill,1,-122.42195892333984,37.796897888183594
2018-03-01,Other Miscellaneous,Mission Bay,1,-122.3988265991211,37.76630783081055
2018-01-01,Larceny Theft,Hayes Valley,4,-122.42240711807445,37.77408497416307
2022-05-01,Recovered Vehicle,Tenderloin,1,-122.40950012207031,37.785282135009766
2020-10-01,Disorderly Conduct,South of Market,1,-122.41500165430014,37.77264947305175
2021-08-01,Burglary,South of Market,2,-122.3968458230064,37.780527160091324
2021-06-01,Burglary,Castro/Upper Market,1,-122.4453125,37.761878967285156
2019-05-01,Assault,Bayview Hunters Point,1,-122.38324826282769,37.72679829697196
2022-07-01,Larceny Theft,Visitacion Valley,1,-122.4068661143003,37.7093465928992
2024-05-01,Suspicious Occ,Tenderloin,1,-122.4107666015625,37.7832145690918
2025-03-01,Malicious Mischief,Outer Mission,1,-122.43772888183594,37.722957611083984
2025-04-01,Larceny Theft,Bayview Hunters Point,1,-122.3791732788086,37.728233337402344
2021-01-01,Non-Criminal,Mission,1,-122.42333489741378,37.77147797080469
2019-01-01,Offences Against The Family And Children,South of Market,1,-122.4087086749172,37.780971182329765
2023-01-01,Fraud,Mission,2,-122.42189025878906,37.76491928100586
2018-03-01,Robbery,Financial District/South Beach,1,-122.40093308290575,37.79210840263532
2019-06-01,Motor Vehicle Theft,Castro/Upper Market,1,-122.43485368203896,37.75928916994242
2024-02-01,Recovered Vehicle,South of Market,1,-122.41500091552734,37.772647857666016
2019-01-01,Assault,Portola,1,-122.40560754920035,37.7324386568328
2019-02-01,Fraud,Hayes Valley,1,-122.42335510253906,37.77874755859375
2021-04-01,Larceny Theft,Pacific Heights,1,-122.44024995765258,37.78711245591735
2018-06-01,Malicious Mischief,Chinatown,1,-122.40479278564453,37.79445266723633
2023-05-01,Larceny Theft,Financial District/South Beach,1,-122.39658591411781,37.79458821565897
2024-01-01,Recovered Vehicle,Excelsior,2,-122.42547607421875,37.72023391723633
2020-04-01,Other Miscellaneous,Presidio Heights,1,-122.44918958445487,37.79060810702477
2025-02-01,Disorderly Conduct,Mission,1,-122.41434478759766,37.77061080932617
2020-08-01,Motor Vehicle Theft,Outer Richmond,1,-122.4796509176521,37.78412535396425
2023-03-01,Robbery,Mission,1,-122.41951273794947,37.763429272147256
2022-06-01,Larceny Theft,Potrero Hill,1,-122.40087127685547,37.75718307495117
2019-08-01,Larceny Theft,South of Market,4,-122.40928649902344,37.779659271240234
2019-04-01,Malicious Mischief,Bayview Hunters Point,1,-122.39717687851248,37.72990988256753
2023-02-01,Weapons Carrying Etc,Mission,1,-122.41754150390625,37.765750885009766
2019-08-01,Fraud,Financial District/South Beach,1,-122.40055847167969,37.79024887084961
2018-10-01,Drug Offense,Tenderloin,2,-122.41169738769531,37.78117752075195
2022-02-01,Malicious Mischief,Financial District/South Beach,1,-122.39997863769531,37.787010192871094
2024-06-01,Drug Offense,South of Market,1,-122.41222381591797,37.773284912109375
2024-08-01,Malicious Mischief,South of Market,1,-122.40406799316406,37.77727127075195
2024-12-01,Warrant,Haight Ashbury,2,-122.45294952392578,37.76637268066406
2020-03-01,Assault,Bernal Heights,2,-122.42208378590405,37.74219755183286
2022-12-01,Suspicious Occ,Castro/Upper Market,1,-122.43611145019531,37.76082229614258
2023-07-01,Larceny Theft,Twin Peaks,1,-122.4449462890625,37.749656677246094
2019-06-01,Malicious Mischief,Hayes Valley,1,-122.42842864990234,37.770450592041016
2021-10-01,Motor Vehicle Theft,Castro/Upper Market,1,-122.43734236960016,37.762354746519996
2019-08-01,Larceny Theft,Oceanview/Merced/Ingleside,1,-122.47070422829228,37.71521290335376
2019-12-01,Larceny Theft,Visitacion Valley,1,-122.40445709228516,37.71384048461914
2020-11-01,Burglary,Castro/Upper Market,1,-122.43333435058594,37.76666259765625
2024-06-01,Assault,Marina,2,-122.43267822265625,37.79983901977539
2023-08-01,Malicious Mischief,Nob Hill,1,-122.41234361401396,37.78779033746198
2022-07-01,Assault,Russian Hill,1,-122.41386413574219,37.80272674560547
2019-02-01,Malicious Mischief,South of Market,1,-122.39574432373047,37.7776985168457
2023-12-01,Larceny Theft,Russian Hill,2,-122.42074584960938,37.80759048461914
2021-07-01,Malicious Mischief,Outer Mission,1,-122.43604278564453,37.723045349121094
2025-04-01,Missing Person,Lone Mountain/USF,1,-122.45281219482422,37.77404022216797
2023-02-01,Motor Vehicle Theft,Inner Sunset,1,-122.47365232778505,37.75997529800599
2018-07-01,Assault,Hayes Valley,1,-122.4292221069336,37.77035140991211
2022-01-01,Larceny Theft,South of Market,2,-122.41629170279316,37.77749384266056
2018-05-01,Fraud,Sunset/Parkside,1,-122.49637603759766,37.72999572753906
2018-02-01,Lost Property,North Beach,1,-122.41095733642578,37.80083465576172
2018-11-01,Larceny Theft,Inner Richmond,2,-122.46695171133629,37.773351104022396
2022-12-01,Embezzlement,Bayview Hunters Point,1,-122.3976821899414,37.7335090637207
2020-08-01,Assault,Tenderloin,3,-122.41094970703125,37.784141540527344
2019-05-01,Prostitution,Mission,1,-122.41905212402344,37.75863265991211
2023-11-01,Arson,Financial District/South Beach,2,-122.4028365699477,37.788049512519116
2020-07-01,Fraud,Tenderloin,1,-122.41424157409635,37.78372378203807
2020-01-01,Other Miscellaneous,Tenderloin,1,-122.41405376568504,37.78279444506034
2023-04-01,Larceny Theft,Bernal Heights,2,-122.40888307605414,37.739680773974726
2019-10-01,Suspicious Occ,Mission,1,-122.40849924216333,37.756054713668725
2018-07-01,Non-Criminal,North Beach,1,-122.41561643757444,37.80727586975037
2020-07-01,Non-Criminal,Oceanview/Merced/Ingleside,1,-122.46539306640625,37.72167205810547
2019-09-01,Recovered Vehicle,Bernal Heights,1,-122.4180972044476,37.73711160917787
2018-07-01,Larceny Theft,Outer Richmond,1,-122.50702667236328,37.77619934082031
2021-04-01,Miscellaneous Investigation,Mission,1,-122.42248736491135,37.74801344882507
2024-06-01,Stolen Property,Golden Gate Park,1,-122.45390319824219,37.771053314208984
2022-11-01,Weapons Offense,Tenderloin,2,-122.40930938720703,37.78434753417969
2024-07-01,Malicious Mischief,Visitacion Valley,1,-122.40972900390625,37.711952209472656
2019-07-01,Traffic Violation Arrest,Castro/Upper Market,1,-122.43499755859375,37.760887145996094
2022-01-01,Malicious Mischief,Portola,1,-122.40805188922324,37.727799710825074
2022-05-01,Larceny Theft,Tenderloin,2,-122.41480664938405,37.78651981906591
2022-06-01,Larceny Theft,Mission Bay,2,-122.38930771704929,37.76881993660798
2020-03-01,Malicious Mischief,Mission,1,-122.42047882080078,37.7650032043457
2019-08-01,Other Miscellaneous,Western Addition,1,-122.43214416503906,37.780494689941406
2021-01-01,Other Miscellaneous,Bayview Hunters Point,1,-122.39260969783655,37.722657955936725
2025-02-01,Malicious Mischief,Castro/Upper Market,1,-122.43525695800781,37.76346206665039
2021-05-01,Non-Criminal,Twin Peaks,1,-122.4521330666325,37.75123628377719
2020-12-01,Larceny Theft,Mission,2,-122.41374961166352,37.77034734336754
2023-04-01,Larceny Theft,Mission,1,-122.42440795898438,37.76800537109375
2018-03-01,Motor Vehicle Theft,Lone Mountain/USF,1,-122.4458999633789,37.77299499511719
2019-11-01,Malicious Mischief,Castro/Upper Market,1,-122.4410400390625,37.76166915893555
2021-08-01,Motor Vehicle Theft,Pacific Heights,1,-122.43877410888672,37.78827667236328
2021-12-01,Other Miscellaneous,Nob Hill,1,-122.41246032714844,37.7916259765625
2022-02-01,Larceny Theft,Japantown,1,-122.43120574951172,37.784568786621094
2023-11-01,Non-Criminal,Haight Ashbury,1,-122.44678340468593,37.7617814128804
2022-11-01,Larceny Theft,Glen Park,2,-122.42872774072396,37.73850244225909
2023-01-01,Larceny Theft,West of Twin Peaks,1,-122.46582902531254,37.740891974182375
2022-06-01,Other Miscellaneous,Bernal Heights,1,-122.40510135842212,37.74736631166639
2019-05-01,Recovered Vehicle,Inner Richmond,1,-122.46521066167479,37.77904257982074
2018-08-01,Larceny Theft,Mission,1,-122.40582756374104,37.7684733901082
2022-08-01,Larceny Theft,Sunset/Parkside,1,-122.49053192138672,37.7554931640625
2018-02-01,Malicious Mischief,Lone Mountain/USF,1,-122.44787780195188,37.77466736549491
2020-04-01,Miscellaneous Investigation,Outer Mission,1,-122.44271850585938,37.72813415527344
2022-04-01,Stolen Property,Bernal Heights,1,-122.41285705566406,37.73703384399414
2019-09-01,Offences Against The Family And Children,Mission Bay,1,-122.39183807373047,37.77812576293945
2022-11-01,Malicious Mischief,Bayview Hunters Point,1,-122.40007300242718,37.72344678051801
2020-05-01,Other Miscellaneous,Bernal Heights,4,-122.41099548339844,37.73693084716797
2019-08-01,Burglary,Castro/Upper Market,1,-122.43531799316406,37.764102935791016
2021-01-01,Assault,Bayview Hunters Point,1,-122.37663803699198,37.73249612374274
2023-04-01,Case Closure,Tenderloin,1,-122.41918170505187,37.78310139923345
2021-03-01,Other Miscellaneous,Outer Richmond,1,-122.48352813720703,37.77821350097656
2024-03-01,Robbery,Financial District/South Beach,2,-122.40733337402344,37.78456115722656
2025-04-01,Recovered Vehicle,Bernal Heights,1,-122.41043853759766,37.74491882324219
2022-03-01,Motor Vehicle Theft,Haight Ashbury,1,-122.44346144210765,37.769496997180674
2021-12-01,Drug Offense,South of Market,1,-122.41282653808594,37.77281188964844
2025-02-01,Malicious Mischief,Potrero Hill,1,-122.39575958251953,37.75562286376953
2024-08-01,Weapons Offense,Tenderloin,2,-122.41314697265625,37.7809944152832
2021-06-01,Other Miscellaneous,Mission,1,-122.41861724853516,37.77305221557617
2018-07-01,Traffic Violation Arrest,South of Market,1,-122.41471099853516,37.77622985839844
2022-03-01,Larceny Theft,South of Market,1,-122.41006277137103,37.77499179106878
2022-10-01,Larceny Theft,North Beach,1,-122.4030750188564,37.79832327415856
2022-09-01,Assault,Mission,1,-122.41248321533203,37.7706298828125
2024-12-01,Motor Vehicle Theft,Bayview Hunters Point,1,-122.38380432128906,37.7324333190918
2020-08-01,Malicious Mischief,Excelsior,1,-122.43531036376953,37.72400665283203
2021-03-01,Assault,Nob Hill,1,-122.4170150756836,37.78910827636719
2020-10-01,Larceny Theft,Nob Hill,1,-122.41682715547994,37.78817788964108
2022-10-01,Larceny Theft,Potrero Hill,1,-122.39102935791016,37.7562370300293
2019-02-01,Fraud,Haight Ashbury,1,-122.43246459960938,37.77375793457031
2020-01-01,Non-Criminal,Tenderloin,1,-122.41169738769531,37.78117752075195
2024-12-01,Larceny Theft,Western Addition,2,-122.4242935180664,37.78340148925781
2021-10-01,Disorderly Conduct,Marina,1,-122.42600125086824,37.80020624738465
2019-10-01,Other Miscellaneous,Financial District/South Beach,1,-122.39022827148438,37.78567123413086
2021-07-01,Fraud,Mission,2,-122.42066192626953,37.76014709472656
2020-12-01,Drug Offense,Marina,1,-122.44264789818902,37.79900004908356
2024-01-01,Larceny Theft,Mission,1,-122.4234848022461,37.758365631103516
2023-06-01,Fraud,Mission,1,-122.42204381448558,37.76653957529556
2023-12-01,Fire Report,Excelsior,1,-122.43083190917969,37.72278594970703
2023-04-01,Recovered Vehicle,Marina,1,-122.44206709216532,37.804555926656796
2021-04-01,Lost Property,Russian Hill,1,-122.41829350029808,37.79546358343393
2020-07-01,Other Miscellaneous,Tenderloin,1,-122.41625970692009,37.78537597388642
2022-04-01,Other,Tenderloin,1,-122.41241455078125,37.78300476074219
2021-03-01,Missing Person,Mission,2,-122.42442321777344,37.76863098144531
2018-02-01,Other Miscellaneous,Financial District/South Beach,1,-122.40006607982292,37.79968141342164
2019-06-01,Larceny Theft,Potrero Hill,1,-122.39849106691177,37.752603730148984
2020-01-01,Larceny Theft,Financial District/South Beach,2,-122.39579010009766,37.7870979309082
2024-02-01,Fraud,Outer Richmond,1,-122.4876708984375,37.776153564453125
2020-07-01,Assault,Western Addition,2,-122.42720031738281,37.7811164855957
2024-07-01,Motor Vehicle Theft,Mission Bay,2,-122.40376281738281,37.76731491088867
2022-01-01,Burglary,Bayview Hunters Point,1,-122.40078735351562,37.72361755371094
2019-01-01,Larceny Theft,Financial District/South Beach,3,-122.3954086303711,37.79668426513672
2021-11-01,Suspicious Occ,Russian Hill,1,-122.42063320186513,37.7986930493189
2020-07-01,Recovered Vehicle,Western Addition,1,-122.42903900146484,37.7818489074707
2023-03-01,Assault,Marina,1,-122.43577575683594,37.79848861694336
2022-10-01,Larceny Theft,Presidio Heights,1,-122.45461780368998,37.78402998836555
2024-04-01,Warrant,Potrero Hill,1,-122.3977279663086,37.754825592041016
2022-04-01,Larceny Theft,Lone Mountain/USF,1,-122.45186924058953,37.780492739420154
2019-04-01,Missing Person,Mission,1,-122.418135252796,37.749041286588366
2020-09-01,Other Miscellaneous,Marina,2,-122.43074718839506,37.79864833754814
2024-01-01,Forgery And Counterfeiting,Excelsior,1,-122.43473052978516,37.716190338134766
2020-09-01,Motor Vehicle Theft,Excelsior,1,-122.4339851091758,37.720062804711205
2019-08-01,Traffic Violation Arrest,Financial District/South Beach,1,-122.3931813328012,37.79323049132005
2021-06-01,Burglary,West of Twin Peaks,1,-122.44202423095703,37.732357025146484
2020-05-01,Weapons Carrying Etc,Mission,1,-122.41268920898438,37.74937057495117
2020-03-01,Recovered Vehicle,Inner Richmond,1,-122.46321105957031,37.781070709228516
2023-05-01,Motor Vehicle Theft,Twin Peaks,1,-122.44266708343824,37.75304192527262
2023-03-01,Assault,Tenderloin,1,-122.40992736816406,37.78742980957031
2021-12-01,Malicious Mischief,Haight Ashbury,1,-122.44510650634766,37.769283294677734
2018-01-01,Other Miscellaneous,North Beach,1,-122.40467993579155,37.7981184444975
2022-03-01,Motor Vehicle Theft,Excelsior,1,-122.43521118164062,37.72276306152344
2019-03-01,Burglary,Mission,1,-122.41886139378913,37.75060506722863
2019-07-01,Recovered Vehicle,Tenderloin,1,-122.41973873477666,37.78589290013101
2025-03-01,Offences Against The Family And Children,Chinatown,2,-122.411376953125,37.801124572753906
2025-02-01,Assault,Russian Hill,1,-122.42398071289062,37.798553466796875
2020-01-01,Other,North Beach,1,-122.40714883800165,37.79848980264107
2021-10-01,Burglary,Western Addition,1,-122.43232727050781,37.781429290771484
2019-10-01,Case Closure,Mission,1,-122.41920471191406,37.76023483276367
2024-12-01,Other Miscellaneous,Tenderloin,2,-122.41973876953125,37.785892486572266
2023-02-01,Suspicious Occ,Potrero Hill,1,-122.40148162841797,37.7635612487793
2025-02-01,Miscellaneous Investigation,Presidio Heights,1,-122.44279479980469,37.78288650512695
2018-07-01,Larceny Theft,Mission,3,-122.4182878708879,37.75063964845744
2019-10-01,Non-Criminal,South of Market,1,-122.41029357910156,37.782230377197266
2018-05-01,Larceny Theft,Mission,2,-122.42398071289062,37.76396560668945
2022-04-01,Fraud,Noe Valley,1,-122.4409301747409,37.75410150755179
2020-06-01,Motor Vehicle Theft,Visitacion Valley,1,-122.41934779895824,37.70994690217588
2019-02-01,Larceny Theft,Noe Valley,1,-122.43400651874828,37.750494923779776
2020-09-01,Larceny Theft,Hayes Valley,1,-122.43486022949219,37.777278900146484
2023-06-01,Burglary,South of Market,1,-122.40784454345703,37.7767448425293
2020-09-01,Larceny Theft,Marina,1,-122.43111529139097,37.80046921742964
2023-08-01,Malicious Mischief,Russian Hill,2,-122.4195772441978,37.806780111468534
2021-12-01,Larceny Theft,Financial District/South Beach,2,-122.39361807641598,37.78307785325764
2021-04-01,Burglary,Portola,1,-122.4105122172714,37.72582587002541
2023-06-01,Motor Vehicle Theft,Visitacion Valley,1,-122.40616607666016,37.718265533447266
2023-10-01,Fraud,Tenderloin,1,-122.40803623744476,37.78640961281089
2024-01-01,Non-Criminal,Tenderloin,3,-122.41461944580078,37.78558349609375
2020-09-01,Weapons Offense,Castro/Upper Market,1,-122.42746205880601,37.76877049785351
2025-02-01,Malicious Mischief,Bayview Hunters Point,1,-122.38569641113281,37.717796325683594
2020-05-01,Larceny Theft,Haight Ashbury,1,-122.43246459960938,37.77375793457031
2023-02-01,Motor Vehicle Theft,Sunset/Parkside,1,-122.4885482788086,37.74248504638672
2019-06-01,Burglary,Mission Bay,1,-122.40240478515625,37.769866943359375
2021-11-01,Assault,Bernal Heights,2,-122.41912130184564,37.746775139448474
2024-07-01,Larceny Theft,Presidio Heights,1,-122.45065307617188,37.78951644897461
2025-01-01,Warrant,South of Market,3,-122.40238189697266,37.778602600097656
2023-10-01,Recovered Vehicle,Hayes Valley,1,-122.43486377327054,37.77728066447391
2020-09-01,Malicious Mischief,Potrero Hill,1,-122.40425877441254,37.76211267084488
2019-12-01,Drug Offense,Tenderloin,2,-122.41714477539062,37.78144836425781
2018-10-01,Non-Criminal,Inner Sunset,1,-122.4705950866979,37.763848790283404
2021-02-01,Larceny Theft,Bayview Hunters Point,5,-122.40564673809936,37.73832136115452
2024-08-01,Non-Criminal,Outer Richmond,1,-122.48273468017578,37.78212356567383
2021-03-01,Recovered Vehicle,Sunset/Parkside,1,-122.50368064156933,37.74369024892556
2018-10-01,Larceny Theft,Mission,6,-122.41966897380142,37.76505133632968
2023-02-01,Assault,Western Addition,1,-122.43060920034239,37.78164558340537
2018-01-01,Larceny Theft,Mission Bay,1,-122.40387725830078,37.768592834472656
2018-11-01,Larceny Theft,South of Market,1,-122.40701293945312,37.777400970458984
2020-11-01,Larceny Theft,Outer Richmond,1,-122.47830200195312,37.78038024902344
2024-09-01,Non-Criminal,Visitacion Valley,1,-122.41316223144531,37.710426330566406
2021-02-01,Malicious Mischief,Western Addition,1,-122.4225579822023,37.78315142705044
2021-05-01,Robbery,Nob Hill,1,-122.41720581054688,37.79004669189453
2023-01-01,Assault,Tenderloin,1,-122.41790008544922,37.7851676940918
2018-10-01,Burglary,Marina,1,-122.43800354003906,37.80255889892578
2024-04-01,Case Closure,Tenderloin,6,-122.41349029541016,37.779991149902344
2025-04-01,Recovered Vehicle,Mission,1,-122.41060638427734,37.766902923583984
2020-03-01,Larceny Theft,Lone Mountain/USF,1,-122.44477844238281,37.77601623535156
2020-07-01,Assault,Tenderloin,1,-122.41600949683082,37.777773070705116
2021-11-01,Assault,Tenderloin,2,-122.41808809883916,37.78610103879033
2025-04-01,Weapons Carrying Etc,Lone Mountain/USF,1,-122.45097351074219,37.7733154296875
2019-06-01,Robbery,Mission,1,-122.41966897380142,37.76505133632968
2024-10-01,Larceny Theft,Castro/Upper Market,2,-122.4308853149414,37.764373779296875
2023-09-01,Burglary,North Beach,1,-122.4088363647461,37.80048751831055
2022-02-01,Motor Vehicle Theft,Potrero Hill,1,-122.39021301269531,37.75782775878906
2022-09-01,Other Miscellaneous,Bayview Hunters Point,2,-122.38737260846696,37.74425940578451
2021-09-01,Recovered Vehicle,Mission,1,-122.41687248251154,37.75876422799191
2023-11-01,Larceny Theft,West of Twin Peaks,1,-122.45411682128906,37.72345733642578
2022-05-01,Offences Against The Family And Children,Bayview Hunters Point,2,-122.38607025146484,37.73493194580078
2019-03-01,Offences Against The Family And Children,Mission,1,-122.41827132040292,37.761901562293616
2018-09-01,Larceny Theft,Financial District/South Beach,3,-122.39997863769531,37.787010192871094
2023-11-01,Forgery And Counterfeiting,Mission,1,-122.42166137695312,37.762577056884766
2020-12-01,Motor Vehicle Theft,Bayview Hunters Point,1,-122.39395904541016,37.71195983886719
2023-11-01,Other Miscellaneous,North Beach,1,-122.41580200195312,37.80821228027344
2023-02-01,Drug Offense,Mission,1,-122.41905212402344,37.75863265991211
2020-05-01,Miscellaneous Investigation,Russian Hill,1,-122.4197998046875,37.80292510986328
2018-05-01,Larceny Theft,Noe Valley,1,-122.43003845214844,37.755558013916016
2020-05-01,Larceny Theft,Mission,1,-122.42093864733586,37.769917550675686
2020-11-01,Non-Criminal,Excelsior,1,-122.43200549928414,37.72123725508115
2022-11-01,Malicious Mischief,Tenderloin,1,-122.41151576847024,37.78693970570657
2020-08-01,Burglary,Lone Mountain/USF,1,-122.45647430419922,37.775482177734375
2021-04-01,Disorderly Conduct,Bayview Hunters Point,1,-122.38656998233408,37.73671972240032
2018-12-01,Non-Criminal,Oceanview/Merced/Ingleside,1,-122.46121054867618,37.72494970021032
2019-09-01,Larceny Theft,Financial District/South Beach,3,-122.39117965917615,37.78745518601511
2019-08-01,Larceny Theft,Hayes Valley,1,-122.436318144307,37.7761378357141
2020-10-01,Miscellaneous Investigation,South of Market,1,-122.40908314824856,37.77173210697335
2019-07-01,Other Miscellaneous,Financial District/South Beach,1,-122.39639282226562,37.793663024902344
2019-06-01,Larceny Theft,Financial District/South Beach,1,-122.40458331824809,37.78673056551673
2024-11-01,Larceny Theft,Bayview Hunters Point,1,-122.39888763427734,37.72783660888672
2024-05-01,Warrant,Sunset/Parkside,1,-122.48799896240234,37.7499885559082
2023-01-01,Fraud,Mission,1,-122.41859394629981,37.753836586731786
2019-02-01,Non-Criminal,Haight Ashbury,1,-122.44054412841797,37.77177810668945
2024-04-01,Burglary,Pacific Heights,1,-122.44172668457031,37.78596878051758
2020-10-01,Traffic Violation Arrest,Western Addition,1,-122.42208862304688,37.78082275390625
2021-05-01,Other Miscellaneous,South of Market,2,-122.41193341005338,37.780005867994824
2022-12-01,Drug Offense,Tenderloin,1,-122.42083185184009,37.78337048750076
2019-10-01,Other Miscellaneous,Financial District/South Beach,1,-122.40093231201172,37.79210662841797
2022-11-01,Suspicious Occ,West of Twin Peaks,1,-122.47036530108029,37.74515899338193
2022-05-01,Burglary,North Beach,1,-122.41030883789062,37.806026458740234
2021-09-01,Warrant,Mission,1,-122.41690063476562,37.771724700927734
2020-07-01,Miscellaneous Investigation,Oceanview/Merced/Ingleside,1,-122.46929168701172,37.710594177246094
2023-12-01,Motor Vehicle Theft,Mission,2,-122.41096197259283,37.760427451635174
2023-03-01,Non-Criminal,Pacific Heights,1,-122.43144989013672,37.793766021728516
2021-01-01,Malicious Mischief,Hayes Valley,1,-122.42451370094967,37.776687555001864
2023-10-01,Motor Vehicle Theft,Noe Valley,2,-122.44273998408656,37.75157350686344
2022-10-01,Vandalism,Western Addition,1,-122.42256164550781,37.78314971923828
2021-02-01,Assault,Western Addition,1,-122.42960357666016,37.78468322753906
2021-04-01,Larceny Theft,Marina,3,-122.43950417286405,37.80040342900427
2022-10-01,Non-Criminal,Excelsior,1,-122.44041442871094,37.71724319458008
2020-10-01,Other Miscellaneous,Glen Park,1,-122.43394718535998,37.73425961448699
2018-07-01,Recovered Vehicle,Nob Hill,1,-122.4151840209961,37.788387298583984
2021-10-01,Motor Vehicle Theft,North Beach,1,-122.41322278716598,37.803761300729036
2019-09-01,Larceny Theft,Hayes Valley,2,-122.42170715332031,37.77895736694336
2022-11-01,Miscellaneous Investigation,Chinatown,1,-122.40665235335732,37.79602474908684
2020-02-01,Burglary,Tenderloin,1,-122.41694760620521,37.780470340397024
2019-05-01,Other Miscellaneous,West of Twin Peaks,1,-122.45411575418224,37.72345700607633
2021-08-01,Larceny Theft,Outer Richmond,1,-122.49088646414647,37.77600880819318
2021-04-01,Larceny Theft,Financial District/South Beach,1,-122.38984680175781,37.783607482910156
2019-01-01,Larceny Theft,Haight Ashbury,1,-122.43755340576172,37.76904296875
2018-08-01,Warrant,Mission,1,-122.41874757531652,37.75543693568604
2018-12-01,Larceny Theft,Sunset/Parkside,1,-122.4781908269142,37.76351475721804
2024-11-01,Non-Criminal,Financial District/South Beach,2,-122.40367126464844,37.79080581665039
2019-12-01,Larceny Theft,Haight Ashbury,1,-122.44364929199219,37.77042770385742
2022-04-01,Weapons Offense,Bayview Hunters Point,1,-122.38528442382812,37.740238189697266
2022-08-01,Motor Vehicle Theft,Portola,1,-122.41148376464844,37.72291564941406
2021-05-01,Larceny Theft,Tenderloin,10,-122.40803527832031,37.78641128540039
2025-03-01,Suicide,Mission Bay,1,-122.39183807373047,37.77812576293945
2022-09-01,Malicious Mischief,Portola,1,-122.40850830078125,37.73155212402344
2022-03-01,Larceny Theft,Castro/Upper Market,1,-122.43658447265625,37.76900100708008
2024-04-01,Traffic Violation Arrest,South of Market,1,-122.4090805053711,37.771732330322266
2023-02-01,Robbery,Bayview Hunters Point,2,-122.38973236083984,37.75271987915039
2018-05-01,Non-Criminal,Russian Hill,1,-122.42308807373047,37.802490234375
2020-09-01,Motor Vehicle Theft,Marina,1,-122.43896794440205,37.79760255436155
2019-12-01,Burglary,South of Market,2,-122.41262817382812,37.774566650390625
2021-10-01,Fraud,Nob Hill,1,-122.41099548339844,37.79083251953125
2018-07-01,Larceny Theft,Hayes Valley,1,-122.43035125732422,37.77164077758789
2023-06-01,Larceny Theft,Mission Bay,1,-122.40387725830078,37.768592834472656
2018-11-01,Larceny Theft,Marina,3,-122.44781957435478,37.80163320684868
2018-08-01,Non-Criminal,Mission Bay,1,-122.3900250407223,37.77630014439043
2019-12-01,Burglary,Pacific Heights,1,-122.42434051792853,37.79196536826223
2020-06-01,Other,Tenderloin,1,-122.41423797607422,37.783721923828125
2018-05-01,Robbery,Financial District/South Beach,1,-122.40504455566406,37.78776550292969
2021-09-01,Robbery,North Beach,1,-122.40386199951172,37.798221588134766
2018-10-01,Larceny Theft,Pacific Heights,2,-122.42505645751953,37.795528411865234
2018-02-01,Warrant,Russian Hill,1,-122.42074584960938,37.80759048461914
2022-09-01,Fraud,Tenderloin,1,-122.41973876953125,37.785892486572266
2021-07-01,Motor Vehicle Theft,Noe Valley,3,-122.42903667296395,37.74516538620431
2019-08-01,Suspicious Occ,Glen Park,2,-122.43498485627049,37.73568219113781
2021-01-01,Missing Person,Mission Bay,2,-122.38971710205078,37.77293014526367
2020-09-01,Malicious Mischief,West of Twin Peaks,1,-122.44886016845703,37.730690002441406
2022-11-01,Larceny Theft,Visitacion Valley,1,-122.40958404541016,37.71010971069336
2024-07-01,Larceny Theft,Visitacion Valley,1,-122.41131591796875,37.7143669128418
2019-04-01,Larceny Theft,Inner Richmond,1,-122.46923065185547,37.775123596191406
2023-01-01,Missing Person,Russian Hill,1,-122.42379296546005,37.7976165808776
2023-03-01,Burglary,Hayes Valley,1,-122.42388916015625,37.774375915527344
2021-03-01,Suspicious Occ,North Beach,1,-122.41213989257812,37.806758880615234
2022-04-01,Fraud,Mission Bay,1,-122.39112091064453,37.77755355834961
2019-03-01,Larceny Theft,Mission,2,-122.42219917520208,37.7681396823622
2022-12-01,Warrant,Hayes Valley,1,-122.4379898491121,37.775925404688664
2019-05-01,Non-Criminal,Russian Hill,1,-122.41961397441787,37.801994861944884
2023-03-01,Larceny Theft,Mission,1,-122.4217300415039,37.76329803466797
2025-01-01,Burglary,West of Twin Peaks,1,-122.4658432006836,37.738494873046875
2020-07-01,Larceny Theft,North Beach,1,-122.40367597742333,37.79729810374323
2021-11-01,Miscellaneous Investigation,Russian Hill,1,-122.41386085278359,37.80272518130627
2024-03-01,Other,Nob Hill,1,-122.41410827636719,37.79141616821289
2019-10-01,Traffic Violation Arrest,Excelsior,1,-122.42799377441406,37.71932601928711
2019-11-01,Stolen Property,Nob Hill,1,-122.4208755493164,37.79149627685547
2020-12-01,Non-Criminal,West of Twin Peaks,1,-122.46668793135505,37.723387583340056
2018-04-01,Other Miscellaneous,Tenderloin,3,-122.41259527758581,37.7839325760642
2019-11-01,Larceny Theft,Financial District/South Beach,1,-122.39427947998047,37.78992462158203
2019-07-01,Non-Criminal,West of Twin Peaks,1,-122.4615249633789,37.751502990722656
2023-09-01,Larceny Theft,Seacliff,1,-122.47657515018977,37.786128280764366
2023-07-01,Larceny Theft,Russian Hill,1,-122.41681834532181,37.804887159661234
2022-05-01,Larceny Theft,Pacific Heights,1,-122.43731856945608,37.7894216306171
2018-12-01,Traffic Violation Arrest,Tenderloin,1,-122.41169738769531,37.78117752075195
2022-11-01,Warrant,Tenderloin,1,-122.41349029541016,37.779991149902344
2018-06-01,Missing Person,Outer Mission,1,-122.45454406738281,37.710208892822266
2019-08-01,Warrant,Bayview Hunters Point,2,-122.3879304959651,37.724729109115316
2023-02-01,Other Miscellaneous,Mission,1,-122.41998291015625,37.768272399902344
2023-01-01,Larceny Theft,Financial District/South Beach,2,-122.39950561523438,37.79692459106445
2022-08-01,Larceny Theft,Financial District/South Beach,2,-122.39913024364351,37.80089647618971
2022-08-01,Motor Vehicle Theft,Oceanview/Merced/Ingleside,1,-122.44927919330357,37.720151465688616
2020-02-01,Motor Vehicle Theft,Inner Sunset,1,-122.46699523925781,37.75839614868164
2022-07-01,Other Miscellaneous,Bayview Hunters Point,1,-122.38976016875958,37.744672674199506
2018-01-01,Forgery And Counterfeiting,Excelsior,1,-122.44749450683594,37.710575103759766
2020-03-01,Other Miscellaneous,Mission,1,-122.41021992662603,37.754340613816495
2019-10-01,Larceny Theft,Golden Gate Park,1,-122.4736557006836,37.771156311035156
2018-06-01,Forgery And Counterfeiting,South of Market,1,-122.40928340438033,37.77965775127483
2020-07-01,Stolen Property,North Beach,2,-122.41322326660156,37.80376052856445
2019-04-01,Non-Criminal,Mission,1,-122.41048669029503,37.76560583760297
2022-05-01,Larceny Theft,Nob Hill,2,-122.4225149453702,37.79128889031163
2020-08-01,Burglary,Noe Valley,2,-122.42927002845536,37.74756446628815
2022-06-01,Recovered Vehicle,Sunset/Parkside,1,-122.4811782836914,37.74468231201172
2024-05-01,Traffic Violation Arrest,Nob Hill,1,-122.41207885742188,37.78974151611328
2020-07-01,Weapons Offense,Mission,1,-122.41189982277923,37.752628589044264
2020-08-01,Recovered Vehicle,Potrero Hill,1,-122.39664451646875,37.76385061832806
2019-05-01,Larceny Theft,Haight Ashbury,1,-122.44801316201135,37.767006679792914
2023-10-01,Missing Person,Tenderloin,1,-122.4136734008789,37.78092575073242
2019-12-01,Warrant,Pacific Heights,1,-122.42505645751953,37.795528411865234
2019-09-01,Suspicious Occ,Tenderloin,1,-122.41588253952085,37.78351564008561
2021-09-01,Assault,Portola,1,-122.40852406814844,37.72102674445007
2024-05-01,Other Miscellaneous,Russian Hill,1,-122.42074584960938,37.80759048461914
2019-04-01,Larceny Theft,Marina,1,-122.4280221000818,37.801862903571724
2022-06-01,Larceny Theft,Financial District/South Beach,1,-122.4065933227539,37.787567138671875
2023-07-01,Larceny Theft,Visitacion Valley,1,-122.40556335449219,37.719661712646484
2022-11-01,Other Miscellaneous,Marina,1,-122.44227928887537,37.797181192100105
2022-04-01,Malicious Mischief,Inner Richmond,1,-122.46401060251718,37.77723477802328
2018-11-01,Assault,Presidio,1,-122.47112429713471,37.80464206902029
2023-03-01,Larceny Theft,Financial District/South Beach,1,-122.39324951171875,37.78213882446289
2023-05-01,Malicious Mischief,Bayview Hunters Point,2,-122.37316131591797,37.7286376953125
2021-09-01,Malicious Mischief,Marina,1,-122.43604617512675,37.7998429520262
2022-06-01,Non-Criminal,South of Market,3,-122.4131576926893,37.77745741894575
2020-08-01,Larceny Theft,Russian Hill,1,-122.42398214567397,37.79855245267023
2018-12-01,Malicious Mischief,Financial District/South Beach,1,-122.40557374633903,37.790565236529574
2019-05-01,Assault,West of Twin Peaks,1,-122.45067690292504,37.74008677091164
2019-05-01,Assault,Mission,1,-122.42410268505228,37.764783451283925
2022-05-01,Missing Person,Sunset/Parkside,1,-122.4913330078125,37.7372932434082
2020-05-01,Miscellaneous Investigation,Lakeshore,1,-122.47750091552734,37.71601486206055
2024-09-01,Other Miscellaneous,Mission,3,-122.41859436035156,37.75383758544922
2022-04-01,Larceny Theft,Noe Valley,1,-122.43400651874828,37.750494923779776
2018-12-01,Non-Criminal,Outer Mission,1,-122.43835512254596,37.72364450167391
2022-01-01,Larceny Theft,Outer Richmond,1,-122.48151572367084,37.78022581795078
2019-09-01,Non-Criminal,Lone Mountain/USF,2,-122.44590236721321,37.772995404835264
2022-09-01,Assault,North Beach,1,-122.40386199951172,37.798221588134766
2021-04-01,Larceny Theft,Financial District/South Beach,2,-122.39888000488281,37.799827575683594
2021-11-01,Traffic Violation Arrest,nan,1,-122.41349029541016,37.779991149902344
2021-03-01,Other Miscellaneous,Western Addition,1,-122.420638250988,37.78196076502422
2021-08-01,Other Miscellaneous,South of Market,1,-122.4087086749172,37.780971182329765
2019-07-01,Larceny Theft,Noe Valley,2,-122.43155670166016,37.74822998046875
2020-05-01,Other Miscellaneous,South of Market,1,-122.4131576926893,37.77745741894575
2020-06-01,Larceny Theft,Russian Hill,2,-122.42055996630992,37.806657732348235
2024-03-01,Larceny Theft,Russian Hill,1,-122.41632080078125,37.80241012573242
2023-08-01,Motor Vehicle Theft,Outer Richmond,1,-122.49932098388672,37.77375030517578
2024-08-01,Larceny Theft,Financial District/South Beach,1,-122.39669036865234,37.790462493896484
2020-10-01,Burglary,Visitacion Valley,1,-122.4159559169302,37.7096948673027
2019-02-01,Burglary,Pacific Heights,1,-122.42651400246149,37.79439754711192
2021-07-01,Other Offenses,Tenderloin,1,-122.41423797607422,37.783721923828125
2021-06-01,Larceny Theft,Mission,1,-122.41848397609654,37.76349643380175
2019-11-01,Robbery,Noe Valley,1,-122.43439413678557,37.75449400871655
2021-07-01,Offences Against The Family And Children,Lakeshore,1,-122.4832748938805,37.71624646103806
2022-10-01,Warrant,Noe Valley,1,-122.42647552490234,37.753360748291016
2018-06-01,Larceny Theft,South of Market,1,-122.40992265087567,37.777553408928654
2022-11-01,Robbery,Bayview Hunters Point,1,-122.38603410797646,37.71912234572731
2022-10-01,Malicious Mischief,Inner Sunset,1,-122.46630859375,37.7640380859375
2018-06-01,Non-Criminal,South of Market,1,-122.40827178955078,37.77886199951172
2023-05-01,Other Miscellaneous,Bayview Hunters Point,1,-122.39356994628906,37.72697830200195
2018-08-01,Assault,Financial District/South Beach,1,-122.40557374633903,37.790565236529574
2018-12-01,Warrant,Western Addition,1,-122.43561553955078,37.781009674072266
2021-11-01,Larceny Theft,Mission,1,-122.41920604493745,37.7602353540718
2019-06-01,Larceny Theft,Nob Hill,1,-122.40936279296875,37.792972564697266
2018-01-01,Missing Person,Visitacion Valley,1,-122.41507720947266,37.71165466308594
2020-01-01,Malicious Mischief,Inner Richmond,1,-122.4664306640625,37.78092575073242
2023-01-01,Traffic Collision,Tenderloin,1,-122.41405487060547,37.78279495239258
2019-06-01,Assault,Tenderloin,4,-122.41808809883916,37.78610103879033
2022-10-01,Suspicious Occ,Inner Sunset,1,-122.46630859375,37.7640380859375
2022-01-01,Larceny Theft,Mission,1,-122.40730484858473,37.763187800944834
2023-07-01,Motor Vehicle Theft,Mission,1,-122.41950988769531,37.763427734375
2023-03-01,Larceny Theft,Lakeshore,1,-122.48320770263672,37.71758270263672
2023-05-01,Offences Against The Family And Children,Mission,1,-122.41970825195312,37.75376892089844
2023-11-01,Motor Vehicle Theft,West of Twin Peaks,1,-122.45513916015625,37.723670959472656
2024-01-01,Malicious Mischief,Excelsior,1,-122.43473052978516,37.716190338134766
2021-10-01,Malicious Mischief,Inner Sunset,2,-122.46566009521484,37.75471115112305
2020-01-01,Vandalism,Bernal Heights,1,-122.41212520018152,37.738244462036214
2021-06-01,Vandalism,Glen Park,1,-122.4358395774638,37.74015348041543
2025-01-01,Assault,South of Market,1,-122.40337371826172,37.77671432495117
2023-04-01,Other Miscellaneous,Tenderloin,1,-122.4175033569336,37.77654266357422
2022-10-01,Larceny Theft,Hayes Valley,1,-122.43965911865234,37.77571487426758
2022-11-01,Larceny Theft,Bayview Hunters Point,1,-122.3957290649414,37.731910705566406
2023-04-01,Motor Vehicle Theft,West of Twin Peaks,1,-122.4549331665039,37.74177551269531
2019-11-01,Larceny Theft,Western Addition,1,-122.42818450927734,37.78414535522461
2021-09-01,Other Miscellaneous,West of Twin Peaks,1,-122.47454732860476,37.72119692139814
2020-10-01,Suspicious Occ,Hayes Valley,1,-122.42353498869593,37.77223581387494
2019-04-01,Suspicious Occ,Haight Ashbury,1,-122.4491195678711,37.76164627075195
2020-09-01,Larceny Theft,Lakeshore,1,-122.50671742965267,37.7354697570021
2019-09-01,Motor Vehicle Theft,Mission,1,-122.40474700927734,37.76725769042969
2019-04-01,Assault,Tenderloin,1,-122.41259765625,37.783931732177734
2024-05-01,Other,South of Market,1,-122.4137191772461,37.77543640136719
2021-09-01,Larceny Theft,Tenderloin,3,-122.40977511008917,37.78665887330192
2022-07-01,Malicious Mischief,Mission,2,-122.4180289209908,37.770876469287494
2022-01-01,Larceny Theft,Sunset/Parkside,1,-122.49092291061224,37.761086889999575
2023-08-01,Other Miscellaneous,South of Market,5,-122.41193341005338,37.780005867994824
2021-06-01,Larceny Theft,Sunset/Parkside,1,-122.50780487060547,37.75659942626953
2021-10-01,Other,Financial District/South Beach,1,-122.4004684855585,37.78503028396464
2024-10-01,Larceny Theft,Inner Richmond,2,-122.46334838867188,37.782989501953125
2024-09-01,Malicious Mischief,Japantown,1,-122.43655395507812,37.785667419433594
2023-05-01,Miscellaneous Investigation,Marina,1,-122.42802429199219,37.80186462402344
2021-12-01,Larceny Theft,Mission,1,-122.4212875366211,37.74885177612305
2024-03-01,Malicious Mischief,Mission,1,-122.40788269042969,37.749656677246094
2022-07-01,Larceny Theft,South of Market,2,-122.40725467595034,37.78211941829001
2019-01-01,Larceny Theft,Western Addition,1,-122.43023323756815,37.77978279323558
2022-03-01,Larceny Theft,Visitacion Valley,1,-122.41482543945312,37.71456527709961
2023-07-01,Lost Property,Mission Bay,1,-122.40268495805263,37.76607460663705
2019-01-01,Burglary,Noe Valley,1,-122.42545718125298,37.755029078131756
2019-10-01,Larceny Theft,Castro/Upper Market,1,-122.4264907836914,37.76577377319336
2021-03-01,Larceny Theft,Mission,1,-122.4156137824238,37.76853738566884
2018-12-01,Malicious Mischief,Tenderloin,1,-122.42119598388672,37.784751892089844
2019-04-01,Larceny Theft,Sunset/Parkside,1,-122.48118121642418,37.744681182378415
2022-06-01,Burglary,Noe Valley,1,-122.42476654052734,37.74782943725586
2021-09-01,Malicious Mischief,Bayview Hunters Point,1,-122.39096789139202,37.734013871373556
2020-02-01,Larceny Theft,Mission,4,-122.41966897380142,37.76505133632968
2018-09-01,Non-Criminal,Haight Ashbury,1,-122.44857788085938,37.769798278808594
2019-03-01,Motor Vehicle Theft,South of Market,1,-122.40701475255086,37.777399632579225
2025-04-01,Weapons Carrying Etc,South of Market,4,-122.40363311767578,37.77516174316406
2018-05-01,Other Miscellaneous,Bayview Hunters Point,1,-122.38961791992188,37.72285079956055
2023-05-01,Non-Criminal,Financial District/South Beach,1,-122.39766693115234,37.79923629760742
2024-01-01,Larceny Theft,Russian Hill,2,-122.41815185546875,37.80313491821289
2022-06-01,Larceny Theft,North Beach,5,-122.40517353802807,37.804763211595564
2025-01-01,Miscellaneous Investigation,Financial District/South Beach,1,-122.39252471923828,37.79130935668945
2020-05-01,Warrant,Haight Ashbury,1,-122.44995813260148,37.76580002791046
2023-01-01,Non-Criminal,Financial District/South Beach,1,-122.40219116210938,37.7900390625
2022-05-01,Homicide,Bayview Hunters Point,1,-122.38995889054738,37.738166152133715
2020-11-01,Motor Vehicle Theft,nan,9,-122.41349029541016,37.779991149902344
2019-03-01,Fraud,Mission,1,-122.41561126708984,37.76853561401367
2024-07-01,Burglary,Potrero Hill,1,-122.39348602294922,37.761474609375
2022-07-01,Malicious Mischief,Western Addition,1,-122.42213439941406,37.78941345214844
2023-08-01,Lost Property,Lakeshore,1,-122.48302284569624,37.72120583892469
2022-12-01,nan,South of Market,1,-122.40238189697266,37.778602600097656
2018-10-01,Warrant,South of Market,3,-122.41315460205078,37.77745819091797
2025-02-01,Non-Criminal,Castro/Upper Market,1,-122.43279266357422,37.76102066040039
2021-09-01,Malicious Mischief,Financial District/South Beach,1,-122.39695784020824,37.796346859010335
2022-01-01,Suspicious Occ,Inner Richmond,1,-122.46092987060547,37.77923583984375
2018-07-01,Larceny Theft,Financial District/South Beach,1,-122.39589570206874,37.784896928156186
2018-04-01,Non-Criminal,Inner Richmond,1,-122.46013720023512,37.78313648723007
2021-01-01,Other Miscellaneous,Bernal Heights,1,-122.42168044914007,37.74282117323275
2023-03-01,Non-Criminal,Nob Hill,1,-122.41169923333719,37.78787216759232
2020-11-01,Assault,Chinatown,1,-122.40487670898438,37.79486083984375
2024-06-01,Arson,Castro/Upper Market,2,-122.43307495117188,37.76419448852539
2021-02-01,Recovered Vehicle,Russian Hill,1,-122.41993563765344,37.795237659761746
2022-01-01,Motor Vehicle Theft,South of Market,1,-122.40542602539062,37.771297454833984
2024-02-01,Recovered Vehicle,Mission,1,-122.42025756835938,37.774356842041016
2018-11-01,Miscellaneous Investigation,Mission,1,-122.4156137824238,37.76853738566884
2023-08-01,Weapons Carrying Etc,South of Market,2,-122.41251373291016,37.780479431152344
2018-10-01,Larceny Theft,Financial District/South Beach,2,-122.39515093292349,37.78923469828019
2019-12-01,Other Offenses,Outer Mission,1,-122.43604278564453,37.723045349121094
2020-03-01,Motor Vehicle Theft,Nob Hill,1,-122.4157485961914,37.79120635986328
2019-07-01,Disorderly Conduct,Bayview Hunters Point,1,-122.40350927543464,37.73366531811288
2018-11-01,Motor Vehicle Theft,Bayview Hunters Point,1,-122.39466206022851,37.73610650481754
2019-07-01,Larceny Theft,Inner Sunset,1,-122.46566009521484,37.75471115112305
2024-01-01,Motor Vehicle Theft,Portola,1,-122.4030342430857,37.72102290324394
2024-12-01,Drug Offense,nan,2,-122.41349029541016,37.779991149902344
2019-11-01,Non-Criminal,South of Market,1,-122.41061401367188,37.775428771972656
2023-06-01,Lost Property,Haight Ashbury,1,-122.44693756103516,37.7700080871582
2023-08-01,Fraud,Bayview Hunters Point,1,-122.40132904052734,37.7086296081543
2023-04-01,Larceny Theft,Hayes Valley,1,-122.42852020263672,37.77091598510742
2022-03-01,Larceny Theft,North Beach,3,-122.40889733794425,37.807163251424285
2023-05-01,Missing Person,South of Market,1,-122.41029202788059,37.78223057378371
2020-06-01,Malicious Mischief,Mission,1,-122.42189025878906,37.76491928100586
2021-08-01,Non-Criminal,Financial District/South Beach,1,-122.39858783520201,37.79240821940111
2021-12-01,Larceny Theft,Mission,1,-122.40818786621094,37.75285339355469
2020-01-01,Other Miscellaneous,North Beach,1,-122.41031084283831,37.8060277166905
2022-04-01,Larceny Theft,Nob Hill,1,-122.41682434082031,37.788177490234375
2023-12-01,Miscellaneous Investigation,Castro/Upper Market,1,-122.42746205880601,37.76877049785351
2021-05-01,Recovered Vehicle,Tenderloin,2,-122.41588253952085,37.78351564008561
2022-09-01,Lost Property,Chinatown,1,-122.40551293674359,37.797064589576394
2019-07-01,Other Miscellaneous,North Beach,1,-122.40852125727498,37.80529997597126
2021-03-01,Offences Against The Family And Children,Potrero Hill,1,-122.39288410139532,37.75509563783832
2023-03-01,Malicious Mischief,Western Addition,1,-122.42798614501953,37.78495407104492
2019-03-01,Motor Vehicle Theft,South of Market,2,-122.40725708007812,37.78211975097656
2021-10-01,Other Miscellaneous,Castro/Upper Market,1,-122.43595669992445,37.75922266148253
2023-11-01,Malicious Mischief,Oceanview/Merced/Ingleside,1,-122.45337762132841,37.717767883558565
2018-07-01,Malicious Mischief,Sunset/Parkside,1,-122.47730839570167,37.76544798567049
2022-01-01,Vehicle Impounded,Nob Hill,1,-122.42176481318378,37.78706157746915
2019-05-01,Larceny Theft,Portola,1,-122.40357208251953,37.722320556640625
2020-07-01,Burglary,Mission,1,-122.41234804162994,37.757429523043974
2018-02-01,Non-Criminal,Pacific Heights,1,-122.43510576955943,37.7868105415523
2023-06-01,Miscellaneous Investigation,Tenderloin,1,-122.4147412230519,37.77871942789032
2022-03-01,Missing Person,Western Addition,1,-122.43763345468696,37.78266289872301
2019-12-01,Other Offenses,Marina,1,-122.4329605102539,37.80123519897461
2023-12-01,Larceny Theft,Castro/Upper Market,2,-122.43485260009766,37.7592887878418
2023-12-01,Assault,Bayview Hunters Point,2,-122.39018307908121,37.72222494551613
2019-09-01,Lost Property,Financial District/South Beach,1,-122.39669036865234,37.790462493896484
2020-10-01,Larceny Theft,Glen Park,2,-122.43414306640625,37.733551025390625
2022-01-01,Larceny Theft,Inner Richmond,2,-122.4649429321289,37.77532196044922
2023-02-01,Malicious Mischief,Western Addition,1,-122.43836550237133,37.7777941886761
2023-08-01,Burglary,Inner Sunset,1,-122.47592409365181,37.76174715066737
2023-05-01,Non-Criminal,Mission Bay,1,-122.38952660390618,37.771109951957804
2021-07-01,Larceny Theft,Haight Ashbury,1,-122.43518408029904,37.77054807903014
2025-02-01,Non-Criminal,Bernal Heights,1,-122.41368865966797,37.7347297668457
2024-09-01,Suspicious Occ,Tenderloin,1,-122.41297149658203,37.785789489746094
2023-10-01,Burglary,Outer Richmond,1,-122.4742431640625,37.78437042236328
2018-06-01,Robbery,Tenderloin,1,-122.4147412230519,37.77871942789032
2021-03-01,Non-Criminal,Western Addition,1,-122.42081045853567,37.78241705359624
2023-04-01,Motor Vehicle Theft,Golden Gate Park,1,-122.45684051513672,37.770992279052734
2021-01-01,Recovered Vehicle,Nob Hill,1,-122.41482563329623,37.79498815505522
2019-01-01,Robbery,Mission Bay,1,-122.40184250506094,37.767430775982845
2019-04-01,Offences Against The Family And Children,Visitacion Valley,1,-122.40589505654077,37.715929513021045
2024-06-01,Case Closure,Inner Richmond,1,-122.4696273803711,37.78076934814453
2024-02-01,Drug Offense,Tenderloin,2,-122.41936492919922,37.78403091430664
2022-06-01,Larceny Theft,Japantown,7,-122.43136639807875,37.78537264618818
2020-12-01,Larceny Theft,Bernal Heights,5,-122.42196876280964,37.74237539724614
2019-01-01,Other Miscellaneous,Bernal Heights,1,-122.42196876280964,37.74237539724614
2022-03-01,Recovered Vehicle,Outer Richmond,1,-122.49652387031851,37.77955058110485
2019-02-01,Larceny Theft,Sunset/Parkside,3,-122.48728942871094,37.73411560058594
2024-04-01,Lost Property,Lakeshore,1,-122.47510528564453,37.72569274902344
2018-08-01,Non-Criminal,Sunset/Parkside,1,-122.48543735509072,37.75945391804603
2022-01-01,Offences Against The Family And Children,Outer Mission,2,-122.45049893106346,37.70954336757749
2023-08-01,Larceny Theft,North Beach,9,-122.41561889648438,37.80727767944336
2021-11-01,Miscellaneous Investigation,Lakeshore,1,-122.47603947349434,37.72694991292525
2019-07-01,Warrant,North Beach,1,-122.41524148656329,37.8054171710477
2023-01-01,Malicious Mischief,Russian Hill,1,-122.42304880529804,37.793935004155436
2025-02-01,Lost Property,North Beach,1,-122.40424346923828,37.800106048583984
2024-08-01,Larceny Theft,Potrero Hill,1,-122.39608764648438,37.75829315185547
2020-08-01,Recovered Vehicle,South of Market,1,-122.4076919555664,37.7801628112793
2022-08-01,Suspicious Occ,Sunset/Parkside,1,-122.50472545354069,37.758606398892695
2023-07-01,Burglary,Western Addition,1,-122.42523650200324,37.788070187301344
2025-04-01,Missing Person,Mission Bay,1,-122.39266204833984,37.766693115234375
2024-09-01,Assault,Lone Mountain/USF,1,-122.44981384277344,37.7807502746582
2022-10-01,Drug Offense,Financial District/South Beach,1,-122.40420819360396,37.78978278113182
2022-10-01,Warrant,Bayview Hunters Point,1,-122.38156441612668,37.72867801184137
2023-04-01,Larceny Theft,Castro/Upper Market,1,-122.44589093398451,37.757340363485234
2019-10-01,Other Miscellaneous,Glen Park,1,-122.43882124592368,37.73566944763298
2021-06-01,Other Miscellaneous,South of Market,1,-122.4056167602539,37.77850341796875
2022-08-01,Larceny Theft,Inner Richmond,1,-122.46066284179688,37.775516510009766
2024-05-01,Missing Person,Twin Peaks,1,-122.45124053955078,37.74883270263672
2024-05-01,Miscellaneous Investigation,Hayes Valley,1,-122.42513275146484,37.770870208740234
2022-07-01,Recovered Vehicle,Western Addition,1,-122.43892675625831,37.78058848569914
2022-12-01,Assault,Chinatown,1,-122.411376953125,37.801124572753906
2018-01-01,Motor Vehicle Theft,Russian Hill,1,-122.4225252159745,37.799693671684
2019-08-01,Larceny Theft,Mission,4,-122.42485259980006,37.770747744629546
2024-02-01,Non-Criminal,Nob Hill,1,-122.4118881225586,37.7888069152832
2023-10-01,Non-Criminal,South of Market,1,-122.4110107421875,37.77669143676758
2022-04-01,Larceny Theft,Russian Hill,2,-122.41605377197266,37.80435562133789
2023-03-01,Larceny Theft,Lone Mountain/USF,3,-122.4458236694336,37.78248977661133
2022-03-01,Motor Vehicle Theft,Financial District/South Beach,1,-122.39815206842287,37.79618607065459
2022-02-01,Larceny Theft,Mission Bay,1,-122.40387725830078,37.768592834472656
2022-05-01,Assault,Tenderloin,4,-122.4136734008789,37.78092575073242
2019-04-01,Fraud,Pacific Heights,1,-122.44465599346279,37.79208773042931
2018-07-01,Larceny Theft,Potrero Hill,1,-122.39482879638672,37.7652473449707
2023-05-01,Warrant,Mission,1,-122.41748659732667,37.765183133520345
2018-11-01,Recovered Vehicle,Sunset/Parkside,1,-122.48628234863281,37.7407112121582
2018-03-01,Weapons Carrying Etc,Visitacion Valley,2,-122.41134900368083,37.71060452155179
2020-12-01,Drug Offense,Tenderloin,1,-122.41424157409635,37.78372378203807
2018-02-01,Recovered Vehicle,Marina,1,-122.44527037912071,37.8034926885225
2024-05-01,Larceny Theft,Inner Richmond,2,-122.4610595703125,37.781158447265625
2019-12-01,Non-Criminal,Inner Sunset,1,-122.45771789550781,37.764808654785156
2024-06-01,Robbery,Mission,1,-122.41859436035156,37.75383758544922
2018-01-01,Larceny Theft,Outer Richmond,1,-122.48445892333984,37.776302337646484
2019-10-01,Suspicious Occ,Outer Richmond,1,-122.50668334960938,37.771541595458984
2022-07-01,Non-Criminal,Financial District/South Beach,1,-122.39936953535897,37.78589924670796
2018-06-01,Burglary,Western Addition,1,-122.43060920034239,37.78164558340537
2023-01-01,Warrant,North Beach,1,-122.41195008846694,37.80582493018196
2022-01-01,Malicious Mischief,Mission,1,-122.41780090332031,37.76840591430664
2019-03-01,Fraud,Golden Gate Park,1,-122.5040512084961,37.764259338378906
2019-05-01,Other Miscellaneous,Mission,1,-122.41454007204756,37.76860219420493
2021-06-01,Malicious Mischief,Chinatown,2,-122.40470886230469,37.79402160644531
2024-06-01,Larceny Theft,Lakeshore,2,-122.49835968017578,37.71369552612305
2021-06-01,Malicious Mischief,Haight Ashbury,1,-122.43851470947266,37.77012634277344
2018-05-01,Larceny Theft,Sunset/Parkside,1,-122.5091412242345,37.76028232127865
2018-08-01,Other Miscellaneous,Golden Gate Park,3,-122.47176361083984,37.77313995361328
2018-12-01,Missing Person,Sunset/Parkside,2,-122.50621795654297,37.74918746948242
2021-05-01,Malicious Mischief,Potrero Hill,1,-122.39651489257812,37.75231170654297
2019-07-01,Larceny Theft,Hayes Valley,1,-122.42298126220703,37.77688217163086
2024-06-01,Larceny Theft,Noe Valley,1,-122.42888641357422,37.74356460571289
2020-09-01,Larceny Theft,Nob Hill,3,-122.41169923333719,37.78787216759232
2019-12-01,Larceny Theft,Haight Ashbury,1,-122.4502182006836,37.769588470458984
2024-07-01,Assault,Tenderloin,4,-122.41349029541016,37.779991149902344
2025-04-01,Fire Report,Mission,1,-122.42040252685547,37.77287292480469
2024-01-01,Warrant,Tenderloin,2,-122.4131480505296,37.780993781477434
2025-01-01,Non-Criminal,Russian Hill,1,-122.41485595703125,37.80116653442383
2023-01-01,Non-Criminal,Inner Sunset,1,-122.47265949417547,37.76189060689755
2020-12-01,Malicious Mischief,Russian Hill,2,-122.4232749629552,37.80341263868431
2018-10-01,Larceny Theft,Western Addition,2,-122.4329142491479,37.78435505539235
2019-02-01,Non-Criminal,Sunset/Parkside,1,-122.50140380859375,37.74190902709961
2022-01-01,Larceny Theft,Western Addition,1,-122.42214537963808,37.788942623294176
2021-09-01,Larceny Theft,Tenderloin,2,-122.4147412230519,37.77871942789032
2023-04-01,Other Miscellaneous,Bernal Heights,1,-122.41950511517184,37.746182682139505
2020-02-01,Larceny Theft,Financial District/South Beach,2,-122.39670517825668,37.78554213006711
2023-06-01,Offences Against The Family And Children,Sunset/Parkside,1,-122.48517608642578,37.75572967529297
2023-03-01,Fraud,Excelsior,1,-122.4410171508789,37.716461181640625
2025-03-01,Other Miscellaneous,Treasure Island,1,-122.37664031982422,37.8290901184082
2018-09-01,Other Miscellaneous,Bayview Hunters Point,1,-122.38011169433594,37.736785888671875
2019-10-01,Fraud,Nob Hill,1,-122.42021179199219,37.78822326660156
2022-09-01,Other Miscellaneous,Bayview Hunters Point,1,-122.38114929199219,37.731388092041016
2025-01-01,Disorderly Conduct,Nob Hill,1,-122.41664123535156,37.78724670410156
2023-10-01,Larceny Theft,Western Addition,1,-122.43176322156377,37.77863203682374
2023-05-01,Offences Against The Family And Children,Lone Mountain/USF,1,-122.4566650390625,37.77642059326172
2021-04-01,Larceny Theft,Lincoln Park,6,-122.4998705718611,37.781327195293386
2024-06-01,Lost Property,Tenderloin,1,-122.41499328613281,37.787452697753906
2019-10-01,Other Miscellaneous,Bayview Hunters Point,1,-122.3907241821289,37.73103713989258
2024-03-01,Fraud,Excelsior,1,-122.43002319335938,37.72239685058594
2021-11-01,Malicious Mischief,South of Market,1,-122.4056167602539,37.77850341796875
2018-08-01,Larceny Theft,Nob Hill,1,-122.41766357421875,37.79233932495117
2021-10-01,Burglary,Outer Richmond,2,-122.48473226253812,37.78009258159099
2018-01-01,Larceny Theft,Outer Richmond,1,-122.49116704585714,37.7797953807373
2019-11-01,Non-Criminal,West of Twin Peaks,1,-122.46324157714844,37.725589752197266
2023-02-01,Malicious Mischief,Mission,1,-122.41861724853516,37.77305221557617
2018-06-01,Offences Against The Family And Children,Tenderloin,1,-122.41405376568504,37.78279444506034
2020-03-01,Missing Person,South of Market,2,-122.40816079455212,37.7805353858225
2024-09-01,Drug Offense,Tenderloin,3,-122.41461944580078,37.78558349609375
2018-11-01,Other Miscellaneous,South of Market,1,-122.40363551943442,37.7751608100771
2023-02-01,Stolen Property,Nob Hill,1,-122.41682434082031,37.788177490234375
2018-05-01,Vandalism,Tenderloin,1,-122.41550518013352,37.7816542606277
2019-04-01,Robbery,Bayview Hunters Point,1,-122.38847589500467,37.74110763100082
2019-01-01,Larceny Theft,Mission,1,-122.41339874267578,37.768672943115234
2023-04-01,Miscellaneous Investigation,Outer Richmond,1,-122.48553233020924,37.77625245700859
2023-04-01,Assault,Haight Ashbury,1,-122.45071018189665,37.769526043647296
2020-12-01,Burglary,South of Market,1,-122.4076919555664,37.7801628112793
2018-05-01,Burglary,Castro/Upper Market,1,-122.4315414428711,37.76270294189453
2019-07-01,Larceny Theft,Marina,2,-122.43567657470703,37.79801940917969
2022-11-01,Other Miscellaneous,Visitacion Valley,1,-122.4222412109375,37.7113151550293
2024-03-01,Lost Property,Mission,1,-122.42096710205078,37.75529479980469
2023-10-01,Non-Criminal,Mission,1,-122.41219789356205,37.75583251034902
2022-11-01,Suspicious Occ,South of Market,1,-122.4058310124795,37.78574398866823
2020-03-01,Larceny Theft,Hayes Valley,1,-122.43282972923807,37.77562608768549
2018-03-01,Courtesy Report,Tenderloin,1,-122.41259765625,37.783931732177734
2023-12-01,Warrant,Tenderloin,6,-122.41927343381671,37.78356778488696
2018-11-01,Other Miscellaneous,Western Addition,1,-122.42246374465972,37.78268536745206
2018-12-01,Traffic Violation Arrest,Tenderloin,1,-122.41936492919922,37.78403091430664
2018-06-01,Lost Property,South of Market,2,-122.41251373291016,37.780479431152344
2020-08-01,Motor Vehicle Theft,Outer Richmond,1,-122.48325469681511,37.774485586756136
2023-07-01,Non-Criminal,Mission Bay,2,-122.38961029052734,37.77199935913086
2025-02-01,Larceny Theft,West of Twin Peaks,1,-122.47449493408203,37.741233825683594
2019-05-01,Motor Vehicle Theft,Noe Valley,1,-122.44294948137626,37.74514621138546
2022-12-01,Burglary,Lone Mountain/USF,1,-122.4478759765625,37.77466583251953
2024-09-01,Assault,Mission,1,-122.41468811035156,37.75889587402344
2019-11-01,Recovered Vehicle,Noe Valley,1,-122.42221829226034,37.7455788126339
2020-06-01,Disorderly Conduct,Portola,1,-122.40357208251953,37.722320556640625
2018-12-01,Offences Against The Family And Children,Western Addition,1,-122.4242935180664,37.78340148925781
2022-11-01,Robbery,Financial District/South Beach,1,-122.40206909179688,37.78872299194336
2024-11-01,Larceny Theft,Bernal Heights,1,-122.41663360595703,37.737037658691406
2019-09-01,Robbery,Financial District/South Beach,1,-122.40302819424984,37.78702441743788
2023-10-01,Robbery,Bayview Hunters Point,1,-122.39807431140774,37.73003734277887
2018-11-01,Larceny Theft,Noe Valley,1,-122.4359130859375,37.75438690185547
2023-10-01,Non-Criminal,Sunset/Parkside,2,-122.48118121642418,37.744681182378415
2023-06-01,Malicious Mischief,Sunset/Parkside,1,-122.47676460087209,37.74300263165964
2019-06-01,Stolen Property,Potrero Hill,1,-122.40244334536945,37.763503458637494
2020-07-01,Larceny Theft,Mission,1,-122.42507934570312,37.751033782958984
2021-10-01,Motor Vehicle Theft,Portola,1,-122.40260041241011,37.72523511065475
2018-12-01,Recovered Vehicle,Marina,1,-122.44212341308594,37.80485153198242
2019-05-01,Other Miscellaneous,Mission,1,-122.41374961166352,37.77034734336754
2023-01-01,Larceny Theft,Marina,3,-122.43675994873047,37.79501724243164
2019-08-01,Other Miscellaneous,Bernal Heights,1,-122.4193024949635,37.738181957972664
2022-12-01,Recovered Vehicle,Oceanview/Merced/Ingleside,1,-122.4560775756836,37.71578598022461
2023-05-01,Fraud,South of Market,1,-122.41532135009766,37.77671813964844
2019-12-01,Weapons Offense,Visitacion Valley,1,-122.4166484620639,37.7104731731613
2022-03-01,Fraud,Outer Mission,1,-122.45077350478651,37.712335702906174
2024-02-01,Motor Vehicle Theft,Bernal Heights,1,-122.4103775024414,37.73689270019531
2024-02-01,Other Miscellaneous,Portola,1,-122.40160369873047,37.72018051147461
2019-12-01,Weapons Offense,Tenderloin,1,-122.41348740024354,37.77999173926721
2022-04-01,Motor Vehicle Theft,Nob Hill,1,-122.40886368034795,37.79207995579044
2019-03-01,Recovered Vehicle,Mission,1,-122.41670736958228,37.76847136809397
2019-01-01,Non-Criminal,Chinatown,1,-122.40790557861328,37.79405975341797
2022-04-01,Forgery And Counterfeiting,Portola,1,-122.4192818756975,37.731164306977355
2018-06-01,Drug Offense,Mission,1,-122.41170501708984,37.76038360595703
2020-09-01,Other Offenses,Castro/Upper Market,1,-122.43256378173828,37.75862121582031
2023-09-01,Larceny Theft,Castro/Upper Market,1,-122.42804718017578,37.758087158203125
2024-05-01,Suspicious Occ,Sunset/Parkside,1,-122.4884262084961,37.73516845703125
2023-08-01,Miscellaneous Investigation,Outer Mission,1,-122.44306945800781,37.7249870300293
2019-03-01,Warrant,Bayview Hunters Point,1,-122.39651523718821,37.73715618359288
2024-07-01,Traffic Collision,Mission,1,-122.41423034667969,37.75409698486328
2023-11-01,Malicious Mischief,Mission,1,-122.4140853881836,37.752506256103516
2024-07-01,Motor Vehicle Theft,Mission,1,-122.42081451416016,37.75370407104492
2019-01-01,Malicious Mischief,Visitacion Valley,1,-122.410640795949,37.71220622124655
2019-08-01,Larceny Theft,Golden Gate Park,1,-122.47365519248187,37.77115580067553
2024-09-01,Non-Criminal,Mission,1,-122.41377258300781,37.749305725097656
2018-08-01,Motor Vehicle Theft,Portola,1,-122.41397094726562,37.72891616821289
2019-05-01,Other,Sunset/Parkside,1,-122.47754850449316,37.7541927113405
2019-08-01,Larceny Theft,Financial District/South Beach,1,-122.39639282226562,37.793663024902344
2024-04-01,Disorderly Conduct,Financial District/South Beach,1,-122.39878845214844,37.78720474243164
2024-07-01,Drug Offense,Tenderloin,2,-122.41252899169922,37.78776550292969
2023-04-01,Larceny Theft,Hayes Valley,1,-122.42451477050781,37.77668762207031
2018-06-01,Non-Criminal,Inner Sunset,1,-122.46617889404297,37.762176513671875
2024-03-01,Lost Property,Tenderloin,1,-122.41870880126953,37.7807731628418
2020-04-01,Malicious Mischief,North Beach,1,-122.40424041878785,37.80010428883815
2022-04-01,Malicious Mischief,Hayes Valley,2,-122.43429428557832,37.77447581578295
2024-01-01,Other Miscellaneous,Lone Mountain/USF,1,-122.45521545410156,37.7775993347168
2021-10-01,Motor Vehicle Theft,Mission,3,-122.41073071858334,37.76817786907554
2022-11-01,Stolen Property,Tenderloin,1,-122.41297149658203,37.785789489746094
2022-07-01,Suspicious Occ,Marina,1,-122.44303131103516,37.800907135009766
2024-08-01,Larceny Theft,Mission Bay,1,-122.39393615722656,37.77250671386719
2022-09-01,Burglary,Castro/Upper Market,1,-122.4340591430664,37.762550354003906
2019-10-01,Lost Property,South of Market,2,-122.40426635742188,37.78447723388672
2022-12-01,Lost Property,South of Market,1,-122.40663146972656,37.77931594848633
2020-07-01,Missing Person,South of Market,1,-122.40647888183594,37.78273010253906
2023-04-01,Assault,Mission,1,-122.41626551140196,37.752372787574465
2018-06-01,Other Miscellaneous,Mission,1,-122.40800476074219,37.76924514770508
2020-11-01,Other,Chinatown,1,-122.40304565429688,37.79421615600586
2023-02-01,Malicious Mischief,Mission Bay,1,-122.39184052639568,37.77812569661714
2024-12-01,Burglary,Western Addition,5,-122.42321014404297,37.78640365600586
2022-01-01,Larceny Theft,Potrero Hill,1,-122.39045715332031,37.76042556762695
2020-02-01,Other Miscellaneous,Pacific Heights,1,-122.42580214529943,37.79087442698896
2023-09-01,Larceny Theft,Excelsior,1,-122.43403625488281,37.72431564331055
2024-04-01,Larceny Theft,West of Twin Peaks,1,-122.4736099243164,37.7199821472168
2019-07-01,Larceny Theft,Castro/Upper Market,1,-122.42591857910156,37.759830474853516
2024-01-01,Larceny Theft,Mission,1,-122.41610717773438,37.750770568847656
2024-08-01,Larceny Theft,Outer Mission,2,-122.44590759277344,37.71882629394531
2023-08-01,Motor Vehicle Theft,Bayview Hunters Point,2,-122.39241790771484,37.72916030883789
2022-09-01,Non-Criminal,Outer Mission,2,-122.43644714355469,37.72378921508789
2024-11-01,Fraud,Noe Valley,1,-122.43645477294922,37.75275802612305
2022-04-01,Fraud,Tenderloin,2,-122.41790008544922,37.7851676940918
2021-11-01,Non-Criminal,Tenderloin,1,-122.41278212939851,37.7848662445387
2024-02-01,Disorderly Conduct,Tenderloin,1,-122.41790008544922,37.7851676940918
2018-09-01,Larceny Theft,Financial District/South Beach,4,-122.40676879882812,37.78849792480469
2023-01-01,Disorderly Conduct,Mission,1,-122.41525268554688,37.764705657958984
2023-03-01,Offences Against The Family And Children,Mission,1,-122.4190175437401,37.75220444116967
2024-05-01,Sex Offense,South of Market,1,-122.40474700927734,37.7742805480957
2020-05-01,Miscellaneous Investigation,Mission,1,-122.41310524380863,37.7654476075275
2023-01-01,Motor Vehicle Theft,Western Addition,1,-122.42256164550781,37.78314971923828
2023-09-01,Robbery,South of Market,1,-122.40460550711119,37.777699658507856
2019-09-01,Miscellaneous Investigation,Mission,1,-122.42166247826907,37.76257883049033
2019-05-01,Miscellaneous Investigation,Mission,1,-122.40669900268833,37.75683373380551
2018-04-01,Larceny Theft,Bayview Hunters Point,1,-122.39717864990234,37.72990798950195
2024-03-01,Non-Criminal,Outer Richmond,1,-122.4961166381836,37.77389907836914
2018-12-01,Burglary,Castro/Upper Market,2,-122.4261474609375,37.76216125488281
2018-03-01,Lost Property,Outer Richmond,1,-122.50159788934825,37.775519960358515
2023-03-01,Fraud,Sunset/Parkside,1,-122.48796844482422,37.76497268676758
2018-02-01,Other,Mission,1,-122.42262268066406,37.77250289916992
2018-12-01,Recovered Vehicle,Outer Richmond,1,-122.51129492624534,37.77507596005672
2020-07-01,Other Miscellaneous,Pacific Heights,1,-122.43712919654402,37.78848786130652
2019-12-01,Motor Vehicle Theft,Excelsior,1,-122.44231414794922,37.70866012573242
2020-11-01,Larceny Theft,Pacific Heights,1,-122.43181319572417,37.7872308799086
2018-03-01,Suspicious Occ,Visitacion Valley,1,-122.40727155053213,37.7178199460474
2021-04-01,Larceny Theft,Hayes Valley,2,-122.43302917480469,37.77655029296875
2021-05-01,Weapons Carrying Etc,Tenderloin,1,-122.41278212939851,37.7848662445387
2023-03-01,Larceny Theft,Financial District/South Beach,2,-122.39474487304688,37.79447937011719
2025-02-01,Larceny Theft,nan,1,-122.46231079101562,37.70798873901367
2018-01-01,Offences Against The Family And Children,Marina,1,-122.43669334831304,37.802628423158055
2021-05-01,Recovered Vehicle,Outer Mission,1,-122.46061290111783,37.709673492716725
2019-12-01,Warrant,Mission,2,-122.41966897380142,37.76505133632968
2023-12-01,Larceny Theft,Lone Mountain/USF,8,-122.4458205129012,37.782488031626265
2020-11-01,Non-Criminal,Visitacion Valley,1,-122.41877184294184,37.71073194458116
2020-04-01,Larceny Theft,Bernal Heights,1,-122.41047668457031,37.745296478271484
2018-09-01,Malicious Mischief,Mission,1,-122.41764545364202,37.766805241337174
2019-05-01,Assault,Lone Mountain/USF,1,-122.45111846923828,37.781982421875
2023-01-01,Other Miscellaneous,South of Market,1,-122.41261291503906,37.77702713012695
2018-04-01,Burglary,Marina,1,-122.42782592773438,37.80088806152344
2021-01-01,Burglary,Sunset/Parkside,2,-122.49792821031707,37.738332519103146
2018-07-01,Offences Against The Family And Children,Financial District/South Beach,1,-122.39515093292349,37.78923469828019
2019-09-01,Assault,Tenderloin,4,-122.41405487060547,37.78279495239258
2023-09-01,Recovered Vehicle,Haight Ashbury,1,-122.44331168934727,37.77046953691186
2019-04-01,Larceny Theft,Chinatown,2,-122.40807910223747,37.794940685499824
2021-12-01,Larceny Theft,Financial District/South Beach,1,-122.40048217773438,37.795875549316406
2020-01-01,Larceny Theft,Lone Mountain/USF,4,-122.4458236694336,37.78248977661133
2023-08-01,Larceny Theft,Marina,1,-122.43450927734375,37.80056381225586
2018-12-01,Larceny Theft,Outer Mission,1,-122.43486785888672,37.724586486816406
2019-07-01,Larceny Theft,Nob Hill,2,-122.41410730497438,37.7914164780501
2019-05-01,Other Miscellaneous,Mission,1,-122.41968536376953,37.756988525390625
2018-07-01,Malicious Mischief,Financial District/South Beach,1,-122.39186096191406,37.78936767578125
2019-12-01,Larceny Theft,Inner Sunset,1,-122.47365232778505,37.75997529800599
2019-08-01,Larceny Theft,Bernal Heights,4,-122.42196876280964,37.74237539724614
2023-03-01,Lost Property,Japantown,1,-122.42824149689217,37.786246576578144
2024-06-01,Other Miscellaneous,Lone Mountain/USF,1,-122.4458999633789,37.77299499511719
2018-01-01,Forgery And Counterfeiting,Potrero Hill,1,-122.38719454914899,37.75677768735601
2022-02-01,Lost Property,Mission,1,-122.42047882080078,37.7650032043457
2022-01-01,Larceny Theft,Bernal Heights,1,-122.42284057840082,37.741027406919294
2019-03-01,Motor Vehicle Theft,Mission,1,-122.42638397216797,37.764644622802734
2019-07-01,Other Miscellaneous,South of Market,2,-122.41471099853516,37.77622985839844
2021-01-01,Other,Haight Ashbury,1,-122.43575149990461,37.773345711812325
2018-04-01,Larceny Theft,Western Addition,1,-122.42208679403626,37.780821047158554
2022-02-01,Non-Criminal,Mission Bay,1,-122.39137353346597,37.77283099431839
2022-04-01,Burglary,Mission,1,-122.40818786621094,37.76187515258789
2019-06-01,Drug Offense,South of Market,1,-122.40486145019531,37.78400802612305
2020-04-01,Stolen Property,Tenderloin,1,-122.41348740024354,37.77999173926721
2019-05-01,Warrant,South of Market,1,-122.41061401367188,37.775428771972656
2019-03-01,Other Miscellaneous,Western Addition,2,-122.4225579822023,37.78315142705044
2020-10-01,Burglary,Castro/Upper Market,1,-122.42669677734375,37.76786804199219
2019-02-01,Fraud,Portola,1,-122.41373443603516,37.73131561279297
2023-07-01,Disorderly Conduct,Bayview Hunters Point,1,-122.38140106201172,37.729488372802734
